"ns1.dnsfor0.com","0","beebone_dga_ba4cafab"
"ns1.dnsfor0.org","0","beebone_dga_ba4cafab"
"ns1.dnsfor0.net","0","beebone_dga_ba4cafab"
"ns1.dnsfor0.biz","0","beebone_dga_ba4cafab"
"ns1.dnsfor0.info","0","beebone_dga_ba4cafab"
"ns1.dnsfor1.com","1","beebone_dga_ba4cafab"
"ns1.dnsfor1.org","1","beebone_dga_ba4cafab"
"ns1.dnsfor1.net","1","beebone_dga_ba4cafab"
"ns1.dnsfor1.biz","1","beebone_dga_ba4cafab"
"ns1.dnsfor1.info","1","beebone_dga_ba4cafab"
"ns1.dnsfor2.com","2","beebone_dga_ba4cafab"
"ns1.dnsfor2.org","2","beebone_dga_ba4cafab"
"ns1.dnsfor2.net","2","beebone_dga_ba4cafab"
"ns1.dnsfor2.biz","2","beebone_dga_ba4cafab"
"ns1.dnsfor2.info","2","beebone_dga_ba4cafab"
"ns1.dnsfor3.com","3","beebone_dga_ba4cafab"
"ns1.dnsfor3.org","3","beebone_dga_ba4cafab"
"ns1.dnsfor3.net","3","beebone_dga_ba4cafab"
"ns1.dnsfor3.biz","3","beebone_dga_ba4cafab"
"ns1.dnsfor3.info","3","beebone_dga_ba4cafab"
"ns1.dnsfor4.com","4","beebone_dga_ba4cafab"
"ns1.dnsfor4.org","4","beebone_dga_ba4cafab"
"ns1.dnsfor4.net","4","beebone_dga_ba4cafab"
"ns1.dnsfor4.biz","4","beebone_dga_ba4cafab"
"ns1.dnsfor4.info","4","beebone_dga_ba4cafab"
"ns1.dnsfor5.com","5","beebone_dga_ba4cafab"
"ns1.dnsfor5.org","5","beebone_dga_ba4cafab"
"ns1.dnsfor5.net","5","beebone_dga_ba4cafab"
"ns1.dnsfor5.biz","5","beebone_dga_ba4cafab"
"ns1.dnsfor5.info","5","beebone_dga_ba4cafab"
"ns1.dnsfor6.com","6","beebone_dga_ba4cafab"
"ns1.dnsfor6.org","6","beebone_dga_ba4cafab"
"ns1.dnsfor6.net","6","beebone_dga_ba4cafab"
"ns1.dnsfor6.biz","6","beebone_dga_ba4cafab"
"ns1.dnsfor6.info","6","beebone_dga_ba4cafab"
"ns1.dnsfor7.com","7","beebone_dga_ba4cafab"
"ns1.dnsfor7.org","7","beebone_dga_ba4cafab"
"ns1.dnsfor7.net","7","beebone_dga_ba4cafab"
"ns1.dnsfor7.biz","7","beebone_dga_ba4cafab"
"ns1.dnsfor7.info","7","beebone_dga_ba4cafab"
"ns1.dnsfor8.com","8","beebone_dga_ba4cafab"
"ns1.dnsfor8.org","8","beebone_dga_ba4cafab"
"ns1.dnsfor8.net","8","beebone_dga_ba4cafab"
"ns1.dnsfor8.biz","8","beebone_dga_ba4cafab"
"ns1.dnsfor8.info","8","beebone_dga_ba4cafab"
"ns1.dnsfor9.com","9","beebone_dga_ba4cafab"
"ns1.dnsfor9.org","9","beebone_dga_ba4cafab"
"ns1.dnsfor9.net","9","beebone_dga_ba4cafab"
"ns1.dnsfor9.biz","9","beebone_dga_ba4cafab"
"ns1.dnsfor9.info","9","beebone_dga_ba4cafab"
"ns1.dnsfor10.com","10","beebone_dga_ba4cafab"
"ns1.dnsfor10.org","10","beebone_dga_ba4cafab"
"ns1.dnsfor10.net","10","beebone_dga_ba4cafab"
"ns1.dnsfor10.biz","10","beebone_dga_ba4cafab"
"ns1.dnsfor10.info","10","beebone_dga_ba4cafab"
"ns1.dnsfor11.com","11","beebone_dga_ba4cafab"
"ns1.dnsfor11.org","11","beebone_dga_ba4cafab"
"ns1.dnsfor11.net","11","beebone_dga_ba4cafab"
"ns1.dnsfor11.biz","11","beebone_dga_ba4cafab"
"ns1.dnsfor11.info","11","beebone_dga_ba4cafab"
"ns1.dnsfor12.com","12","beebone_dga_ba4cafab"
"ns1.dnsfor12.org","12","beebone_dga_ba4cafab"
"ns1.dnsfor12.net","12","beebone_dga_ba4cafab"
"ns1.dnsfor12.biz","12","beebone_dga_ba4cafab"
"ns1.dnsfor12.info","12","beebone_dga_ba4cafab"
"ns1.dnsfor13.com","13","beebone_dga_ba4cafab"
"ns1.dnsfor13.org","13","beebone_dga_ba4cafab"
"ns1.dnsfor13.net","13","beebone_dga_ba4cafab"
"ns1.dnsfor13.biz","13","beebone_dga_ba4cafab"
"ns1.dnsfor13.info","13","beebone_dga_ba4cafab"
"ns1.dnsfor14.com","14","beebone_dga_ba4cafab"
"ns1.dnsfor14.org","14","beebone_dga_ba4cafab"
"ns1.dnsfor14.net","14","beebone_dga_ba4cafab"
"ns1.dnsfor14.biz","14","beebone_dga_ba4cafab"
"ns1.dnsfor14.info","14","beebone_dga_ba4cafab"
"ns1.dnsfor15.com","15","beebone_dga_ba4cafab"
"ns1.dnsfor15.org","15","beebone_dga_ba4cafab"
"ns1.dnsfor15.net","15","beebone_dga_ba4cafab"
"ns1.dnsfor15.biz","15","beebone_dga_ba4cafab"
"ns1.dnsfor15.info","15","beebone_dga_ba4cafab"
"ns1.dnsfor16.com","16","beebone_dga_ba4cafab"
"ns1.dnsfor16.org","16","beebone_dga_ba4cafab"
"ns1.dnsfor16.net","16","beebone_dga_ba4cafab"
"ns1.dnsfor16.biz","16","beebone_dga_ba4cafab"
"ns1.dnsfor16.info","16","beebone_dga_ba4cafab"
"ns1.dnsfor17.com","17","beebone_dga_ba4cafab"
"ns1.dnsfor17.org","17","beebone_dga_ba4cafab"
"ns1.dnsfor17.net","17","beebone_dga_ba4cafab"
"ns1.dnsfor17.biz","17","beebone_dga_ba4cafab"
"ns1.dnsfor17.info","17","beebone_dga_ba4cafab"
"ns1.dnsfor18.com","18","beebone_dga_ba4cafab"
"ns1.dnsfor18.org","18","beebone_dga_ba4cafab"
"ns1.dnsfor18.net","18","beebone_dga_ba4cafab"
"ns1.dnsfor18.biz","18","beebone_dga_ba4cafab"
"ns1.dnsfor18.info","18","beebone_dga_ba4cafab"
"ns1.dnsfor19.com","19","beebone_dga_ba4cafab"
"ns1.dnsfor19.org","19","beebone_dga_ba4cafab"
"ns1.dnsfor19.net","19","beebone_dga_ba4cafab"
"ns1.dnsfor19.biz","19","beebone_dga_ba4cafab"
"ns1.dnsfor19.info","19","beebone_dga_ba4cafab"
"ns1.dnsfor20.com","20","beebone_dga_ba4cafab"
"ns1.dnsfor20.org","20","beebone_dga_ba4cafab"
"ns1.dnsfor20.net","20","beebone_dga_ba4cafab"
"ns1.dnsfor20.biz","20","beebone_dga_ba4cafab"
"ns1.dnsfor20.info","20","beebone_dga_ba4cafab"
"ns1.backdates0.com","0","beebone_dga_b58814a8"
"ns1.backdates0.org","0","beebone_dga_b58814a8"
"ns1.backdates0.net","0","beebone_dga_b58814a8"
"ns1.backdates0.biz","0","beebone_dga_b58814a8"
"ns1.backdates0.info","0","beebone_dga_b58814a8"
"ns1.backdates1.com","1","beebone_dga_b58814a8"
"ns1.backdates1.org","1","beebone_dga_b58814a8"
"ns1.backdates1.net","1","beebone_dga_b58814a8"
"ns1.backdates1.biz","1","beebone_dga_b58814a8"
"ns1.backdates1.info","1","beebone_dga_b58814a8"
"ns1.backdates2.com","2","beebone_dga_b58814a8"
"ns1.backdates2.org","2","beebone_dga_b58814a8"
"ns1.backdates2.net","2","beebone_dga_b58814a8"
"ns1.backdates2.biz","2","beebone_dga_b58814a8"
"ns1.backdates2.info","2","beebone_dga_b58814a8"
"ns1.backdates3.com","3","beebone_dga_b58814a8"
"ns1.backdates3.org","3","beebone_dga_b58814a8"
"ns1.backdates3.net","3","beebone_dga_b58814a8"
"ns1.backdates3.biz","3","beebone_dga_b58814a8"
"ns1.backdates3.info","3","beebone_dga_b58814a8"
"ns1.backdates4.com","4","beebone_dga_b58814a8"
"ns1.backdates4.org","4","beebone_dga_b58814a8"
"ns1.backdates4.net","4","beebone_dga_b58814a8"
"ns1.backdates4.biz","4","beebone_dga_b58814a8"
"ns1.backdates4.info","4","beebone_dga_b58814a8"
"ns1.backdates5.com","5","beebone_dga_b58814a8"
"ns1.backdates5.org","5","beebone_dga_b58814a8"
"ns1.backdates5.net","5","beebone_dga_b58814a8"
"ns1.backdates5.biz","5","beebone_dga_b58814a8"
"ns1.backdates5.info","5","beebone_dga_b58814a8"
"ns1.backdates6.com","6","beebone_dga_b58814a8"
"ns1.backdates6.org","6","beebone_dga_b58814a8"
"ns1.backdates6.net","6","beebone_dga_b58814a8"
"ns1.backdates6.biz","6","beebone_dga_b58814a8"
"ns1.backdates6.info","6","beebone_dga_b58814a8"
"ns1.backdates7.com","7","beebone_dga_b58814a8"
"ns1.backdates7.org","7","beebone_dga_b58814a8"
"ns1.backdates7.net","7","beebone_dga_b58814a8"
"ns1.backdates7.biz","7","beebone_dga_b58814a8"
"ns1.backdates7.info","7","beebone_dga_b58814a8"
"ns1.backdates8.com","8","beebone_dga_b58814a8"
"ns1.backdates8.org","8","beebone_dga_b58814a8"
"ns1.backdates8.net","8","beebone_dga_b58814a8"
"ns1.backdates8.biz","8","beebone_dga_b58814a8"
"ns1.backdates8.info","8","beebone_dga_b58814a8"
"ns1.backdates9.com","9","beebone_dga_b58814a8"
"ns1.backdates9.org","9","beebone_dga_b58814a8"
"ns1.backdates9.net","9","beebone_dga_b58814a8"
"ns1.backdates9.biz","9","beebone_dga_b58814a8"
"ns1.backdates9.info","9","beebone_dga_b58814a8"
"ns1.backdates10.com","10","beebone_dga_b58814a8"
"ns1.backdates10.org","10","beebone_dga_b58814a8"
"ns1.backdates10.net","10","beebone_dga_b58814a8"
"ns1.backdates10.biz","10","beebone_dga_b58814a8"
"ns1.backdates10.info","10","beebone_dga_b58814a8"
"ns1.backdates11.com","11","beebone_dga_b58814a8"
"ns1.backdates11.org","11","beebone_dga_b58814a8"
"ns1.backdates11.net","11","beebone_dga_b58814a8"
"ns1.backdates11.biz","11","beebone_dga_b58814a8"
"ns1.backdates11.info","11","beebone_dga_b58814a8"
"ns1.backdates12.com","12","beebone_dga_b58814a8"
"ns1.backdates12.org","12","beebone_dga_b58814a8"
"ns1.backdates12.net","12","beebone_dga_b58814a8"
"ns1.backdates12.biz","12","beebone_dga_b58814a8"
"ns1.backdates12.info","12","beebone_dga_b58814a8"
"ns1.backdates13.com","13","beebone_dga_b58814a8"
"ns1.backdates13.org","13","beebone_dga_b58814a8"
"ns1.backdates13.net","13","beebone_dga_b58814a8"
"ns1.backdates13.biz","13","beebone_dga_b58814a8"
"ns1.backdates13.info","13","beebone_dga_b58814a8"
"ns1.backdates14.com","14","beebone_dga_b58814a8"
"ns1.backdates14.org","14","beebone_dga_b58814a8"
"ns1.backdates14.net","14","beebone_dga_b58814a8"
"ns1.backdates14.biz","14","beebone_dga_b58814a8"
"ns1.backdates14.info","14","beebone_dga_b58814a8"
"ns1.backdates15.com","15","beebone_dga_b58814a8"
"ns1.backdates15.org","15","beebone_dga_b58814a8"
"ns1.backdates15.net","15","beebone_dga_b58814a8"
"ns1.backdates15.biz","15","beebone_dga_b58814a8"
"ns1.backdates15.info","15","beebone_dga_b58814a8"
"ns1.backdates16.com","16","beebone_dga_b58814a8"
"ns1.backdates16.org","16","beebone_dga_b58814a8"
"ns1.backdates16.net","16","beebone_dga_b58814a8"
"ns1.backdates16.biz","16","beebone_dga_b58814a8"
"ns1.backdates16.info","16","beebone_dga_b58814a8"
"ns1.backdates17.com","17","beebone_dga_b58814a8"
"ns1.backdates17.org","17","beebone_dga_b58814a8"
"ns1.backdates17.net","17","beebone_dga_b58814a8"
"ns1.backdates17.biz","17","beebone_dga_b58814a8"
"ns1.backdates17.info","17","beebone_dga_b58814a8"
"ns1.backdates18.com","18","beebone_dga_b58814a8"
"ns1.backdates18.org","18","beebone_dga_b58814a8"
"ns1.backdates18.net","18","beebone_dga_b58814a8"
"ns1.backdates18.biz","18","beebone_dga_b58814a8"
"ns1.backdates18.info","18","beebone_dga_b58814a8"
"ns1.backdates19.com","19","beebone_dga_b58814a8"
"ns1.backdates19.org","19","beebone_dga_b58814a8"
"ns1.backdates19.net","19","beebone_dga_b58814a8"
"ns1.backdates19.biz","19","beebone_dga_b58814a8"
"ns1.backdates19.info","19","beebone_dga_b58814a8"
"ns1.backdates20.com","20","beebone_dga_b58814a8"
"ns1.backdates20.org","20","beebone_dga_b58814a8"
"ns1.backdates20.net","20","beebone_dga_b58814a8"
"ns1.backdates20.biz","20","beebone_dga_b58814a8"
"ns1.backdates20.info","20","beebone_dga_b58814a8"
