"giaddkbzcyaoim.com","0","dircrypt_dga_61a72155"
"ahfgluqmcovghpmum.com","1","dircrypt_dga_61a72155"
"hbrtrminyxb.com","2","dircrypt_dga_61a72155"
"brcpaqtlpwq.com","3","dircrypt_dga_61a72155"
"fwlxulxb.com","4","dircrypt_dga_61a72155"
"zlndqawvrrbjhavidol.com","5","dircrypt_dga_61a72155"
"arnvmiypge.com","6","dircrypt_dga_61a72155"
"kiovxfffze.com","7","dircrypt_dga_61a72155"
"idsuyvhdboaybaprf.com","8","dircrypt_dga_61a72155"
"xbmqunsmgty.com","9","dircrypt_dga_61a72155"
"tccboqhpciznru.com","10","dircrypt_dga_61a72155"
"legcljdgpczw.com","11","dircrypt_dga_61a72155"
"kydtaywfsfrsppvb.com","12","dircrypt_dga_61a72155"
"bhlnvwlfbtre.com","13","dircrypt_dga_61a72155"
"oynrnyhmikxd.com","14","dircrypt_dga_61a72155"
"psxfoalsn.com","15","dircrypt_dga_61a72155"
"gqfpcgbklmmskixc.com","16","dircrypt_dga_61a72155"
"thnebevjzumnwfkyqwsa.com","17","dircrypt_dga_61a72155"
"vdlkjuqdauwcpdxaybqm.com","18","dircrypt_dga_61a72155"
"eefifitiwwrvd.com","19","dircrypt_dga_61a72155"
"qcoupmtycgogwblu.com","20","dircrypt_dga_61a72155"
"ioxjbplzwgrinyike.com","21","dircrypt_dga_61a72155"
"fidqorildzpt.com","22","dircrypt_dga_61a72155"
"jfzgufuwikakyza.com","23","dircrypt_dga_61a72155"
"ztvqcrxbvqd.com","24","dircrypt_dga_61a72155"
"bitvaisemrvzcjbrxpxq.com","25","dircrypt_dga_61a72155"
"fdedkrmamntcyaine.com","26","dircrypt_dga_61a72155"
"ezqjymdipjt.com","27","dircrypt_dga_61a72155"
"zoyvmgsykc.com","28","dircrypt_dga_61a72155"
"ejpcazebx.com","29","dircrypt_dga_61a72155"
"uazudggzpjarilgwfiiz.com","30","dircrypt_dga_61a72155"
"myabxgxfnmuxwmmdd.com","31","dircrypt_dga_61a72155"
"ijdshzxattqj.com","32","dircrypt_dga_61a72155"
"glnzvlscijpvuzukhju.com","33","dircrypt_dga_61a72155"
"npqfydyvtrbg.com","34","dircrypt_dga_61a72155"
"sikaitjevhkr.com","35","dircrypt_dga_61a72155"
"nibusmxscrtzmhwatsrt.com","36","dircrypt_dga_61a72155"
"qawxbykxodbaopslgzqn.com","37","dircrypt_dga_61a72155"
"dvqsbtoiputkfzj.com","38","dircrypt_dga_61a72155"
"fsdquimlpmgzeqf.com","39","dircrypt_dga_61a72155"
"twzkgzkmhma.com","40","dircrypt_dga_61a72155"
"clmwzlqatyip.com","41","dircrypt_dga_61a72155"
"jzhudfup.com","42","dircrypt_dga_61a72155"
"iqperqwqwjzy.com","43","dircrypt_dga_61a72155"
"sfofpupz.com","44","dircrypt_dga_61a72155"
"azocitjmfbzx.com","45","dircrypt_dga_61a72155"
"tmlekxyidietq.com","46","dircrypt_dga_61a72155"
"ohsjsybaa.com","47","dircrypt_dga_61a72155"
"llyocbkwsnvwwcvfs.com","48","dircrypt_dga_61a72155"
"choilmjdadgkzjduxwev.com","49","dircrypt_dga_61a72155"
"dwcigpctkhgfok.com","0","dircrypt_dga_383c664b"
"mhtvkkeruqrdzpyqz.com","1","dircrypt_dga_383c664b"
"epduikhbirfnvf.com","2","dircrypt_dga_383c664b"
"pbdhmrbjzs.com","3","dircrypt_dga_383c664b"
"ocgtlwtrlh.com","4","dircrypt_dga_383c664b"
"ofqipffbigqkg.com","5","dircrypt_dga_383c664b"
"ctgvaqxmhefqynbkyyhy.com","6","dircrypt_dga_383c664b"
"dhaptrfjwh.com","7","dircrypt_dga_383c664b"
"ohqegpazuidisuku.com","8","dircrypt_dga_383c664b"
"mdamdpsyajynoldrblfo.com","9","dircrypt_dga_383c664b"
"tmnmtjqlghkwxbhl.com","10","dircrypt_dga_383c664b"
"tmiwqeyes.com","11","dircrypt_dga_383c664b"
"fljuohiih.com","12","dircrypt_dga_383c664b"
"rdzoihzzfnroavxibkkc.com","13","dircrypt_dga_383c664b"
"afdcvumki.com","14","dircrypt_dga_383c664b"
"zhjtzzalpqiowfawb.com","15","dircrypt_dga_383c664b"
"tpercuqoaytwggxtadn.com","16","dircrypt_dga_383c664b"
"krnstrgjndxniez.com","17","dircrypt_dga_383c664b"
"qqgrlzaqzpnynodb.com","18","dircrypt_dga_383c664b"
"vbgybbbsanqrtphl.com","19","dircrypt_dga_383c664b"
"mqgwdsynnfbpdptscca.com","20","dircrypt_dga_383c664b"
"ridcryjkvyneedpot.com","21","dircrypt_dga_383c664b"
"licoksgxsdvmvozosf.com","22","dircrypt_dga_383c664b"
"krgatukuydusd.com","23","dircrypt_dga_383c664b"
"uxulowoujuxaxi.com","24","dircrypt_dga_383c664b"
"badammiriwyamdmom.com","25","dircrypt_dga_383c664b"
"xnpotcyk.com","26","dircrypt_dga_383c664b"
"hdxnwsqgylbqegmrdg.com","27","dircrypt_dga_383c664b"
"dyeeiqsyhqhet.com","28","dircrypt_dga_383c664b"
"keuqxknrwadf.com","29","dircrypt_dga_383c664b"
"iegjwgqndgs.com","30","dircrypt_dga_383c664b"
"zagxlmzbgfnskccns.com","31","dircrypt_dga_383c664b"
"eslatdlhusufxgzpfuuz.com","32","dircrypt_dga_383c664b"
"qtbzwurcc.com","33","dircrypt_dga_383c664b"
"blwytlwdizoeahku.com","34","dircrypt_dga_383c664b"
"rddyuoyzw.com","35","dircrypt_dga_383c664b"
"givenvjwbw.com","36","dircrypt_dga_383c664b"
"snoaunjsba.com","37","dircrypt_dga_383c664b"
"evxahlvbxson.com","38","dircrypt_dga_383c664b"
"xbgsxlmvpvvyplsq.com","39","dircrypt_dga_383c664b"
"gstvuinqhdubb.com","40","dircrypt_dga_383c664b"
"rewcifqlnwrkkiwkocbw.com","41","dircrypt_dga_383c664b"
"jphlmbewcx.com","42","dircrypt_dga_383c664b"
"ltklhimvz.com","43","dircrypt_dga_383c664b"
"oqthzalwje.com","44","dircrypt_dga_383c664b"
"ssoaxewzhvhpnzqcguy.com","45","dircrypt_dga_383c664b"
"kafkpbfsnqpoaa.com","46","dircrypt_dga_383c664b"
"ncfvwplmwmqgwsvf.com","47","dircrypt_dga_383c664b"
"rrlcjuezfzolh.com","48","dircrypt_dga_383c664b"
"vfjbmkxomzx.com","49","dircrypt_dga_383c664b"
"zrvgtyanxner.com","0","dircrypt_dga_60e2bf28"
"mlrzzhnaxstvslmuncyo.com","1","dircrypt_dga_60e2bf28"
"linmztojw.com","2","dircrypt_dga_60e2bf28"
"yaktmqnjamvuyamja.com","3","dircrypt_dga_60e2bf28"
"repvldbhpnwtaz.com","4","dircrypt_dga_60e2bf28"
"phlobbbz.com","5","dircrypt_dga_60e2bf28"
"uuvpjrucwnnd.com","6","dircrypt_dga_60e2bf28"
"vgpitxrefhzarl.com","7","dircrypt_dga_60e2bf28"
"hvxfdrcwoswyylrexb.com","8","dircrypt_dga_60e2bf28"
"gqamvolh.com","9","dircrypt_dga_60e2bf28"
"ggvboncskmylciurof.com","10","dircrypt_dga_60e2bf28"
"pobpundi.com","11","dircrypt_dga_60e2bf28"
"ellnxziubfbdujuib.com","12","dircrypt_dga_60e2bf28"
"swhctchjlktkkxjv.com","13","dircrypt_dga_60e2bf28"
"cgerxejlbfvblrmsmwr.com","14","dircrypt_dga_60e2bf28"
"uzvnljrd.com","15","dircrypt_dga_60e2bf28"
"kfuuvladhduabb.com","16","dircrypt_dga_60e2bf28"
"avzftwxqthrckivkmgro.com","17","dircrypt_dga_60e2bf28"
"cnjafgkpyjicmigym.com","18","dircrypt_dga_60e2bf28"
"wlhisyrrngzdyl.com","19","dircrypt_dga_60e2bf28"
"tvtcngsm.com","20","dircrypt_dga_60e2bf28"
"reofgrap.com","21","dircrypt_dga_60e2bf28"
"vkzwkexpzkzvcebl.com","22","dircrypt_dga_60e2bf28"
"yrkvsumqz.com","23","dircrypt_dga_60e2bf28"
"mppecoqudfxcnr.com","24","dircrypt_dga_60e2bf28"
"kxczewmnmke.com","25","dircrypt_dga_60e2bf28"
"vjwcvxpvnagijvnnxuv.com","26","dircrypt_dga_60e2bf28"
"etmapzhlgacdtfhgcr.com","27","dircrypt_dga_60e2bf28"
"hxpclbwtnreuuktgsjdj.com","28","dircrypt_dga_60e2bf28"
"hgafstofw.com","29","dircrypt_dga_60e2bf28"
"hyfcadeivgt.com","30","dircrypt_dga_60e2bf28"
"avtxbeammxnrkrlqfy.com","31","dircrypt_dga_60e2bf28"
"sjxjtabdskhypjwde.com","32","dircrypt_dga_60e2bf28"
"yrjenobkrgrgqklfi.com","33","dircrypt_dga_60e2bf28"
"iaektuxmmfrnerex.com","34","dircrypt_dga_60e2bf28"
"jqocwakgjzwptekxcs.com","35","dircrypt_dga_60e2bf28"
"axoamotkbsuejpofx.com","36","dircrypt_dga_60e2bf28"
"kahcioqnfa.com","37","dircrypt_dga_60e2bf28"
"nmkpouudlczqbyxhhyr.com","38","dircrypt_dga_60e2bf28"
"utunugrchr.com","39","dircrypt_dga_60e2bf28"
"ohagjuhn.com","40","dircrypt_dga_60e2bf28"
"qkkbkctvwpr.com","41","dircrypt_dga_60e2bf28"
"iloqbsovnxonmvsbfr.com","42","dircrypt_dga_60e2bf28"
"sxtjbuqhllyqhlbfqqma.com","43","dircrypt_dga_60e2bf28"
"utjiiltkfgzknmczcisg.com","44","dircrypt_dga_60e2bf28"
"iqdidwqobnxhry.com","45","dircrypt_dga_60e2bf28"
"dasmfaxuhipizg.com","46","dircrypt_dga_60e2bf28"
"qteslazcxgf.com","47","dircrypt_dga_60e2bf28"
"blsrbkftklb.com","48","dircrypt_dga_60e2bf28"
"ngumfwsqcsy.com","49","dircrypt_dga_60e2bf28"
"dncifzkhujmrif.com","0","dircrypt_dga_15897160"
"yitnajhekqayjeqinzqy.com","1","dircrypt_dga_15897160"
"vmlqdrtxdxeko.com","2","dircrypt_dga_15897160"
"ilbkhlogrjeytosagbu.com","3","dircrypt_dga_15897160"
"ztbybnvtqhkjumxpwa.com","4","dircrypt_dga_15897160"
"ghnyziljketpcni.com","5","dircrypt_dga_15897160"
"polrzhjxkoinm.com","6","dircrypt_dga_15897160"
"vakjmhpmajofnhju.com","7","dircrypt_dga_15897160"
"jtvjhiksilkzewkf.com","8","dircrypt_dga_15897160"
"mepuskixqglcdj.com","9","dircrypt_dga_15897160"
"bhlxzjkmpsgupgxara.com","10","dircrypt_dga_15897160"
"mihjllmarz.com","11","dircrypt_dga_15897160"
"godelzclmkyve.com","12","dircrypt_dga_15897160"
"isavlrvfligixxd.com","13","dircrypt_dga_15897160"
"iwcacfazxhjflwbp.com","14","dircrypt_dga_15897160"
"dxjqosknsbdsxv.com","15","dircrypt_dga_15897160"
"sklxomytdxaks.com","16","dircrypt_dga_15897160"
"pdldczgeo.com","17","dircrypt_dga_15897160"
"yjstlxgtp.com","18","dircrypt_dga_15897160"
"gljrytmpduaj.com","19","dircrypt_dga_15897160"
"jbakiuvnwzsjdxnel.com","20","dircrypt_dga_15897160"
"zxiqboexiajxqloi.com","21","dircrypt_dga_15897160"
"lduymysp.com","22","dircrypt_dga_15897160"
"ouweqqqulatzbapimk.com","23","dircrypt_dga_15897160"
"evtwsocthagxii.com","24","dircrypt_dga_15897160"
"jencdczieymndl.com","25","dircrypt_dga_15897160"
"dsitljeszzrcssklnzsn.com","26","dircrypt_dga_15897160"
"ehqxvibdeznlgondcl.com","27","dircrypt_dga_15897160"
"wknrzxbyqitbvmb.com","28","dircrypt_dga_15897160"
"jrjnwbtbcj.com","29","dircrypt_dga_15897160"
"bbxnsrgbcpxwdc.com","30","dircrypt_dga_15897160"
"gsrzdqdmrqqwd.com","31","dircrypt_dga_15897160"
"pjymsaszeg.com","32","dircrypt_dga_15897160"
"mjtfohuaddngnkvwwf.com","33","dircrypt_dga_15897160"
"ctckhfdg.com","34","dircrypt_dga_15897160"
"lpcnytdljpayiqxggkxy.com","35","dircrypt_dga_15897160"
"franirpplhjcswyay.com","36","dircrypt_dga_15897160"
"nsxlwenjcgg.com","37","dircrypt_dga_15897160"
"txccisszknyxxmjj.com","38","dircrypt_dga_15897160"
"tjjtgaxfrbyyiqtnqieg.com","39","dircrypt_dga_15897160"
"pcnvbzowcurl.com","40","dircrypt_dga_15897160"
"rqoyrczgeikfpkel.com","41","dircrypt_dga_15897160"
"khkqjyga.com","42","dircrypt_dga_15897160"
"pruuxoihfddtff.com","43","dircrypt_dga_15897160"
"rgahvqfundxxcqhqpgl.com","44","dircrypt_dga_15897160"
"fclmoaetnzdz.com","45","dircrypt_dga_15897160"
"rjverfxnfgvgks.com","46","dircrypt_dga_15897160"
"obwbpxvyywlt.com","47","dircrypt_dga_15897160"
"kxhdneymsphunsn.com","48","dircrypt_dga_15897160"
"kreqotyml.com","49","dircrypt_dga_15897160"
"jlgkryapwhkpijdhf.com","0","dircrypt_dga_6b639f4e"
"qzonyzjmb.com","1","dircrypt_dga_6b639f4e"
"sjmybncihjnurorwzwic.com","2","dircrypt_dga_6b639f4e"
"oylyehqeacftoqu.com","3","dircrypt_dga_6b639f4e"
"cymjplewtwpjkrddayw.com","4","dircrypt_dga_6b639f4e"
"ojglbpuhj.com","5","dircrypt_dga_6b639f4e"
"lndrfftxuxufm.com","6","dircrypt_dga_6b639f4e"
"qrpvzpehdsfjksr.com","7","dircrypt_dga_6b639f4e"
"saeuwnfvjabtwktmut.com","8","dircrypt_dga_6b639f4e"
"zdfbihqkgy.com","9","dircrypt_dga_6b639f4e"
"qiqfopgefy.com","10","dircrypt_dga_6b639f4e"
"xujqapatruvqx.com","11","dircrypt_dga_6b639f4e"
"qzipvxqoifoh.com","12","dircrypt_dga_6b639f4e"
"noorkdfzemb.com","13","dircrypt_dga_6b639f4e"
"piryjwnnpoxhvc.com","14","dircrypt_dga_6b639f4e"
"eblrbsnrh.com","15","dircrypt_dga_6b639f4e"
"ryvpnujxiorxolxikvbf.com","16","dircrypt_dga_6b639f4e"
"odcvtvplb.com","17","dircrypt_dga_6b639f4e"
"fcwnlycnjfbl.com","18","dircrypt_dga_6b639f4e"
"zenfegwwxlntxjzbyu.com","19","dircrypt_dga_6b639f4e"
"mjaaewwcnlifj.com","20","dircrypt_dga_6b639f4e"
"pwtzehyagn.com","21","dircrypt_dga_6b639f4e"
"dveymnxutopll.com","22","dircrypt_dga_6b639f4e"
"oqblhiudodjjre.com","23","dircrypt_dga_6b639f4e"
"cnbxwxyyefxczz.com","24","dircrypt_dga_6b639f4e"
"pytpmgfqmnmdwxm.com","25","dircrypt_dga_6b639f4e"
"vrdbuimqkgkgujdix.com","26","dircrypt_dga_6b639f4e"
"xdepklriofldq.com","27","dircrypt_dga_6b639f4e"
"nwenznjsve.com","28","dircrypt_dga_6b639f4e"
"dzhlenlolknhinqafg.com","29","dircrypt_dga_6b639f4e"
"hxeiqoswxu.com","30","dircrypt_dga_6b639f4e"
"rqhrnjlvptcch.com","31","dircrypt_dga_6b639f4e"
"ufrsthcnvmfpndzbgez.com","32","dircrypt_dga_6b639f4e"
"tczdxdqoglhaskokl.com","33","dircrypt_dga_6b639f4e"
"qgcknzbvycnfwqavl.com","34","dircrypt_dga_6b639f4e"
"ryiajauuihyvvrt.com","35","dircrypt_dga_6b639f4e"
"kvxlsditchlcistkcy.com","36","dircrypt_dga_6b639f4e"
"zlgmewifcwo.com","37","dircrypt_dga_6b639f4e"
"peilqgqzeczmagh.com","38","dircrypt_dga_6b639f4e"
"eylmkosk.com","39","dircrypt_dga_6b639f4e"
"ieuergtyhiqyigsq.com","40","dircrypt_dga_6b639f4e"
"rhpjohaa.com","41","dircrypt_dga_6b639f4e"
"sodtvjwhij.com","42","dircrypt_dga_6b639f4e"
"mdvdgtlyexehohbvdaoq.com","43","dircrypt_dga_6b639f4e"
"lztipfktsposizknr.com","44","dircrypt_dga_6b639f4e"
"zcrtffhyjgcicaknq.com","45","dircrypt_dga_6b639f4e"
"mfgvjuyjzkcse.com","46","dircrypt_dga_6b639f4e"
"geiinblfaaaqlcqcwoxj.com","47","dircrypt_dga_6b639f4e"
"nazbufpzqlkwkurxz.com","48","dircrypt_dga_6b639f4e"
"uupzlvpozqjwzuyffnkm.com","49","dircrypt_dga_6b639f4e"
"viweabkkfe.com","0","dircrypt_dga_e609e985"
"lscyqrjofqmtn.com","1","dircrypt_dga_e609e985"
"ltcfpuctidqqqxxzpikz.com","2","dircrypt_dga_e609e985"
"wowsfhnnvlwhlotryvh.com","3","dircrypt_dga_e609e985"
"linbzxpkmdtngnbdg.com","4","dircrypt_dga_e609e985"
"sjytgtnkdl.com","5","dircrypt_dga_e609e985"
"zkkfpkbbfnmihohix.com","6","dircrypt_dga_e609e985"
"vjuxtixi.com","7","dircrypt_dga_e609e985"
"ntrshvquunyzxevkucs.com","8","dircrypt_dga_e609e985"
"lxpcmncky.com","9","dircrypt_dga_e609e985"
"pjgnhujlmwtgf.com","10","dircrypt_dga_e609e985"
"pvqwziehrqscosb.com","11","dircrypt_dga_e609e985"
"qxcrbliabignczlmuc.com","12","dircrypt_dga_e609e985"
"okenhqzgxngnkbwouvfm.com","13","dircrypt_dga_e609e985"
"oismeark.com","14","dircrypt_dga_e609e985"
"bfgtwvhgsibiufmcerl.com","15","dircrypt_dga_e609e985"
"wxluitpliymeoirc.com","16","dircrypt_dga_e609e985"
"mzwfwjayhom.com","17","dircrypt_dga_e609e985"
"kvmihtamuopvagdlrwzg.com","18","dircrypt_dga_e609e985"
"rtlwqvhwuisfnery.com","19","dircrypt_dga_e609e985"
"xzfqmrfmyuaxs.com","20","dircrypt_dga_e609e985"
"xtvklujmo.com","21","dircrypt_dga_e609e985"
"dxkirxfzwhnnah.com","22","dircrypt_dga_e609e985"
"vyeaukkyszhdeug.com","23","dircrypt_dga_e609e985"
"kcubcfuhwwn.com","24","dircrypt_dga_e609e985"
"cpejcogzznpudbsmaxxm.com","25","dircrypt_dga_e609e985"
"zvwbjvhfrkqciz.com","26","dircrypt_dga_e609e985"
"pnqclaedmavju.com","27","dircrypt_dga_e609e985"
"kwsrmhroj.com","28","dircrypt_dga_e609e985"
"qwtzjokvjfvecysgypbd.com","29","dircrypt_dga_e609e985"
"avcctrnrxx.com","30","dircrypt_dga_e609e985"
"vgcdinjoj.com","31","dircrypt_dga_e609e985"
"towhyechciopdte.com","32","dircrypt_dga_e609e985"
"tmgskmvaxftffa.com","33","dircrypt_dga_e609e985"
"eiiveuuptweirgz.com","34","dircrypt_dga_e609e985"
"fryqhsblmvzsal.com","35","dircrypt_dga_e609e985"
"ohrpszrfydauhfuzyzbk.com","36","dircrypt_dga_e609e985"
"zbzxolintzi.com","37","dircrypt_dga_e609e985"
"fidkjesxq.com","38","dircrypt_dga_e609e985"
"owsxylebhmuzver.com","39","dircrypt_dga_e609e985"
"izaubgigwfl.com","40","dircrypt_dga_e609e985"
"yievjaklo.com","41","dircrypt_dga_e609e985"
"hqihrutpabwndvldae.com","42","dircrypt_dga_e609e985"
"nuepdkau.com","43","dircrypt_dga_e609e985"
"rjpkxiywinyhjoqltq.com","44","dircrypt_dga_e609e985"
"worazowxtkdznvvz.com","45","dircrypt_dga_e609e985"
"fzzxkhmkfunhotpjmdoy.com","46","dircrypt_dga_e609e985"
"kuyfpapjundhcit.com","47","dircrypt_dga_e609e985"
"nxcyhbauwgvdryyz.com","48","dircrypt_dga_e609e985"
"ajfdmjbywzibf.com","49","dircrypt_dga_e609e985"
"lldpoyrzfi.com","0","dircrypt_dga_1c0ab6d2"
"chbqrhunxg.com","1","dircrypt_dga_1c0ab6d2"
"iqhbyacfnea.com","2","dircrypt_dga_1c0ab6d2"
"lgsfbhyyrrnalpcbqkob.com","3","dircrypt_dga_1c0ab6d2"
"fktihyjhkomdxqkucg.com","4","dircrypt_dga_1c0ab6d2"
"yqmodbxjxgczajstz.com","5","dircrypt_dga_1c0ab6d2"
"vltnftcjrzrxnhfwgf.com","6","dircrypt_dga_1c0ab6d2"
"wchdbyuteue.com","7","dircrypt_dga_1c0ab6d2"
"zpqwczqatnmmb.com","8","dircrypt_dga_1c0ab6d2"
"bunzvlesey.com","9","dircrypt_dga_1c0ab6d2"
"cdqvfoezutpworgjg.com","10","dircrypt_dga_1c0ab6d2"
"ytnxvxnlumzvtdelo.com","11","dircrypt_dga_1c0ab6d2"
"ykvmiyfbbaqgryd.com","12","dircrypt_dga_1c0ab6d2"
"yyuihmtl.com","13","dircrypt_dga_1c0ab6d2"
"upijkzzgohsviiufgwj.com","14","dircrypt_dga_1c0ab6d2"
"jhkkssojlwnyjgnsslm.com","15","dircrypt_dga_1c0ab6d2"
"zlohhvqhqgyvbhbhe.com","16","dircrypt_dga_1c0ab6d2"
"pjgwxsqwbdqh.com","17","dircrypt_dga_1c0ab6d2"
"zjwceimakuvaieqxzdi.com","18","dircrypt_dga_1c0ab6d2"
"qtermfciofx.com","19","dircrypt_dga_1c0ab6d2"
"obhmbdjxkgmzw.com","20","dircrypt_dga_1c0ab6d2"
"daobcnqwefamhdfcs.com","21","dircrypt_dga_1c0ab6d2"
"ktlwxakbho.com","22","dircrypt_dga_1c0ab6d2"
"kbvmxwjxtvncddaiyb.com","23","dircrypt_dga_1c0ab6d2"
"raxlendajlubxdhq.com","24","dircrypt_dga_1c0ab6d2"
"aqazrrwmzrvrvoshpi.com","25","dircrypt_dga_1c0ab6d2"
"zbtgaqubvmmvvcx.com","26","dircrypt_dga_1c0ab6d2"
"zmfcmghjbpbxwn.com","27","dircrypt_dga_1c0ab6d2"
"xaftdwovbbtvt.com","28","dircrypt_dga_1c0ab6d2"
"lxynmytvhgyiv.com","29","dircrypt_dga_1c0ab6d2"
"lclmdnhjs.com","30","dircrypt_dga_1c0ab6d2"
"djobxqzd.com","31","dircrypt_dga_1c0ab6d2"
"sxrznniphog.com","32","dircrypt_dga_1c0ab6d2"
"erxacftxkp.com","33","dircrypt_dga_1c0ab6d2"
"zqsmolwutc.com","34","dircrypt_dga_1c0ab6d2"
"wbphwddxcqxsfy.com","35","dircrypt_dga_1c0ab6d2"
"cwvurfbxxybkve.com","36","dircrypt_dga_1c0ab6d2"
"gndjyxetu.com","37","dircrypt_dga_1c0ab6d2"
"njfzbvjk.com","38","dircrypt_dga_1c0ab6d2"
"wszemnvvxejz.com","39","dircrypt_dga_1c0ab6d2"
"bvwkiitwg.com","40","dircrypt_dga_1c0ab6d2"
"bncaeplgbwrpluy.com","41","dircrypt_dga_1c0ab6d2"
"fphmzyczgznzk.com","42","dircrypt_dga_1c0ab6d2"
"igvbtvnexvmjzfgbmwhi.com","43","dircrypt_dga_1c0ab6d2"
"fgswfftetuqlk.com","44","dircrypt_dga_1c0ab6d2"
"hrqscehjfpfeef.com","45","dircrypt_dga_1c0ab6d2"
"iutfgwfnzhzkgnv.com","46","dircrypt_dga_1c0ab6d2"
"sfekxtepbgw.com","47","dircrypt_dga_1c0ab6d2"
"cwghsvknwmlgbf.com","48","dircrypt_dga_1c0ab6d2"
"qnznpgzogfbdhyhjy.com","49","dircrypt_dga_1c0ab6d2"
"fzfqphobttefkhbvkzs.com","0","dircrypt_dga_d045d868"
"pmyddiicql.com","1","dircrypt_dga_d045d868"
"pihxsxitdfzpvpgeusf.com","2","dircrypt_dga_d045d868"
"glurejnjtdbj.com","3","dircrypt_dga_d045d868"
"oomxzlhazpiz.com","4","dircrypt_dga_d045d868"
"pqfbnaszjaszcnnemowp.com","5","dircrypt_dga_d045d868"
"tuiuchbiwxpvwftigs.com","6","dircrypt_dga_d045d868"
"gowfrfmxojdqvh.com","7","dircrypt_dga_d045d868"
"oamcycqfv.com","8","dircrypt_dga_d045d868"
"vbiuzxeg.com","9","dircrypt_dga_d045d868"
"yrcvxkqumod.com","10","dircrypt_dga_d045d868"
"zhbvbxixvwryd.com","11","dircrypt_dga_d045d868"
"odzzlkkl.com","12","dircrypt_dga_d045d868"
"imbxorfmgtwqpmxnz.com","13","dircrypt_dga_d045d868"
"lefvcywsguk.com","14","dircrypt_dga_d045d868"
"glmisoefbos.com","15","dircrypt_dga_d045d868"
"mcmvkepyzgyycezgkkgx.com","16","dircrypt_dga_d045d868"
"shkjdvusfplos.com","17","dircrypt_dga_d045d868"
"wprbcllrqhqtzzppcr.com","18","dircrypt_dga_d045d868"
"uhoqegszviylqtiga.com","19","dircrypt_dga_d045d868"
"ktbqomgixqhtsxevonpw.com","20","dircrypt_dga_d045d868"
"cbufznnmmjg.com","21","dircrypt_dga_d045d868"
"goyzrabbwcbmocpyysvv.com","22","dircrypt_dga_d045d868"
"hmllogidbpjzpdujzxuf.com","23","dircrypt_dga_d045d868"
"vlxhxtmyw.com","24","dircrypt_dga_d045d868"
"absryzxeuqad.com","25","dircrypt_dga_d045d868"
"kxaptztmaqjbaquyojb.com","26","dircrypt_dga_d045d868"
"oopukseti.com","27","dircrypt_dga_d045d868"
"khmqilzoezcmcfjlzd.com","28","dircrypt_dga_d045d868"
"gnukorjgli.com","29","dircrypt_dga_d045d868"
"wvrujicjpykwrlohtlo.com","30","dircrypt_dga_d045d868"
"peorztbphu.com","31","dircrypt_dga_d045d868"
"rvvcdmfucq.com","32","dircrypt_dga_d045d868"
"gmjjemdaarxssx.com","33","dircrypt_dga_d045d868"
"buoopflcjkvcslmy.com","34","dircrypt_dga_d045d868"
"pexufhti.com","35","dircrypt_dga_d045d868"
"ltbrzorwvaosjgvqsno.com","36","dircrypt_dga_d045d868"
"ucgazxeavbemgzm.com","37","dircrypt_dga_d045d868"
"tjqvqoznelrbn.com","38","dircrypt_dga_d045d868"
"ojvkcspomuikonah.com","39","dircrypt_dga_d045d868"
"blwpjtwifspj.com","40","dircrypt_dga_d045d868"
"xmejpvjpvdozgnzmh.com","41","dircrypt_dga_d045d868"
"gbsyvthrxlexr.com","42","dircrypt_dga_d045d868"
"zhrvryjbgwgubffy.com","43","dircrypt_dga_d045d868"
"hfxueazawjagnbfdlw.com","44","dircrypt_dga_d045d868"
"gyjnegmuiqoresj.com","45","dircrypt_dga_d045d868"
"qzuihuucrav.com","46","dircrypt_dga_d045d868"
"czxktmibwsunnto.com","47","dircrypt_dga_d045d868"
"cuqxqbpbwo.com","48","dircrypt_dga_d045d868"
"unndqqmgludh.com","49","dircrypt_dga_d045d868"
"mhrmhuxlcvkxay.com","0","dircrypt_dga_4ab96785"
"lvphxfvpsigghujpdm.com","1","dircrypt_dga_4ab96785"
"ctskthnhq.com","2","dircrypt_dga_4ab96785"
"safkylboxhb.com","3","dircrypt_dga_4ab96785"
"gcifbxymnmmdfay.com","4","dircrypt_dga_4ab96785"
"eiceldjd.com","5","dircrypt_dga_4ab96785"
"nzpjwvjasso.com","6","dircrypt_dga_4ab96785"
"izqbnvrvrefgkhpdlgl.com","7","dircrypt_dga_4ab96785"
"qmzfdprteemx.com","8","dircrypt_dga_4ab96785"
"pnoerpfzziylooxfmrcy.com","9","dircrypt_dga_4ab96785"
"zpjjtxthazjghwvdlzy.com","10","dircrypt_dga_4ab96785"
"dexkpanhc.com","11","dircrypt_dga_4ab96785"
"jqlhdncraxnlczibqxbp.com","12","dircrypt_dga_4ab96785"
"mcqwfnzasy.com","13","dircrypt_dga_4ab96785"
"fvjsieio.com","14","dircrypt_dga_4ab96785"
"wloxjplubhoxvy.com","15","dircrypt_dga_4ab96785"
"xgjvueeecatdkfdok.com","16","dircrypt_dga_4ab96785"
"zgrmendderikcw.com","17","dircrypt_dga_4ab96785"
"eocbordvo.com","18","dircrypt_dga_4ab96785"
"tiqscqvdzudjbope.com","19","dircrypt_dga_4ab96785"
"worazjulmgrxvybbjm.com","20","dircrypt_dga_4ab96785"
"beladjczieimd.com","21","dircrypt_dga_4ab96785"
"pwsnmpyooht.com","22","dircrypt_dga_4ab96785"
"meqjghgprsf.com","23","dircrypt_dga_4ab96785"
"zpiqapfp.com","24","dircrypt_dga_4ab96785"
"qgtplmgywpdlddehtxj.com","25","dircrypt_dga_4ab96785"
"qnitflfqtfa.com","26","dircrypt_dga_4ab96785"
"tigkwfqkuo.com","27","dircrypt_dga_4ab96785"
"xdxjnhxhjbuyeuojkm.com","28","dircrypt_dga_4ab96785"
"jsihzjxofekpuyez.com","29","dircrypt_dga_4ab96785"
"wopwwcuxguk.com","30","dircrypt_dga_4ab96785"
"ezkultbargzu.com","31","dircrypt_dga_4ab96785"
"oqoehivn.com","32","dircrypt_dga_4ab96785"
"fumebajm.com","33","dircrypt_dga_4ab96785"
"ixuhepertau.com","34","dircrypt_dga_4ab96785"
"jfmppyfif.com","35","dircrypt_dga_4ab96785"
"lhxnwqtehourujf.com","36","dircrypt_dga_4ab96785"
"aelfofhehrbb.com","37","dircrypt_dga_4ab96785"
"aeqqtxkpfs.com","38","dircrypt_dga_4ab96785"
"jltpgyzathswbdx.com","39","dircrypt_dga_4ab96785"
"upfdhpfzdmiawpbnexn.com","40","dircrypt_dga_4ab96785"
"avxooucoinwubcuajx.com","41","dircrypt_dga_4ab96785"
"oxvtxkaoublgzribwkdh.com","42","dircrypt_dga_4ab96785"
"dhbgnjxqjodkmcdbupt.com","43","dircrypt_dga_4ab96785"
"gdqzddgarhnb.com","44","dircrypt_dga_4ab96785"
"oqzfxvwxujwwndjkpsk.com","45","dircrypt_dga_4ab96785"
"kkpwylsh.com","46","dircrypt_dga_4ab96785"
"xbhrpuoh.com","47","dircrypt_dga_4ab96785"
"pvgxfynjmtjhmcxbq.com","48","dircrypt_dga_4ab96785"
"fdcysmafvuu.com","49","dircrypt_dga_4ab96785"
"qjdygsnoiqaudcq.com","0","dircrypt_dga_ac778bde"
"iwqvktutvmptevjbnzy.com","1","dircrypt_dga_ac778bde"
"vcgietkhdgvjhhsbdu.com","2","dircrypt_dga_ac778bde"
"mkhjbvxvuqznmcjmy.com","3","dircrypt_dga_ac778bde"
"jgtkrjdnqeyrjpbnqxym.com","4","dircrypt_dga_ac778bde"
"iarmfvxogplgzx.com","5","dircrypt_dga_ac778bde"
"seklusaprnkwhvybzc.com","6","dircrypt_dga_ac778bde"
"boqijuawcjoiarv.com","7","dircrypt_dga_ac778bde"
"tjzjyiheo.com","8","dircrypt_dga_ac778bde"
"xxcnirvbqivbucfsbliu.com","9","dircrypt_dga_ac778bde"
"hqhjoeiiydul.com","10","dircrypt_dga_ac778bde"
"yqpfpfwcmnaoptgibg.com","11","dircrypt_dga_ac778bde"
"csmanuivsrlx.com","12","dircrypt_dga_ac778bde"
"sbxsgfddr.com","13","dircrypt_dga_ac778bde"
"tpqxtpaxlsllduadgpl.com","14","dircrypt_dga_ac778bde"
"lukhhthjxul.com","15","dircrypt_dga_ac778bde"
"ddyfouvdluefghskdpln.com","16","dircrypt_dga_ac778bde"
"hubktoxythhg.com","17","dircrypt_dga_ac778bde"
"cgvdhbctkfdv.com","18","dircrypt_dga_ac778bde"
"zbgrqobsiqrpv.com","19","dircrypt_dga_ac778bde"
"vmfyaxnse.com","20","dircrypt_dga_ac778bde"
"lpnpnpfkouuinyvtuhya.com","21","dircrypt_dga_ac778bde"
"jqzeumzdstawzaxujjr.com","22","dircrypt_dga_ac778bde"
"htjykhvta.com","23","dircrypt_dga_ac778bde"
"eoooghrkxhm.com","24","dircrypt_dga_ac778bde"
"xdqwjhctceypvbclqwhd.com","25","dircrypt_dga_ac778bde"
"jgjvgfetpammdrxwn.com","26","dircrypt_dga_ac778bde"
"bksncawiurdqfleaxrd.com","27","dircrypt_dga_ac778bde"
"oyttwuyshcgxxaenbit.com","28","dircrypt_dga_ac778bde"
"nvtcvimt.com","29","dircrypt_dga_ac778bde"
"xrtpkdyxxr.com","30","dircrypt_dga_ac778bde"
"zvpwjjremhilob.com","31","dircrypt_dga_ac778bde"
"jdmfpokdiehxzn.com","32","dircrypt_dga_ac778bde"
"gzcbhxpza.com","33","dircrypt_dga_ac778bde"
"ljoshdfjedqc.com","34","dircrypt_dga_ac778bde"
"dkzbsrxjqwme.com","35","dircrypt_dga_ac778bde"
"grcagzxlycos.com","36","dircrypt_dga_ac778bde"
"dqsyeptcrmhclv.com","37","dircrypt_dga_ac778bde"
"sthevypur.com","38","dircrypt_dga_ac778bde"
"etgtkyni.com","39","dircrypt_dga_ac778bde"
"uueohvwtkpigi.com","40","dircrypt_dga_ac778bde"
"bvygczkkop.com","41","dircrypt_dga_ac778bde"
"izwyargzvdx.com","42","dircrypt_dga_ac778bde"
"gwvpcbgy.com","43","dircrypt_dga_ac778bde"
"qntklwlnfhwp.com","44","dircrypt_dga_ac778bde"
"cbkgvionkuhpsondhnxd.com","45","dircrypt_dga_ac778bde"
"txfwsauqbr.com","46","dircrypt_dga_ac778bde"
"tpmygirnxjjvfv.com","47","dircrypt_dga_ac778bde"
"npcyorvsorvqi.com","48","dircrypt_dga_ac778bde"
"qmtydtmxrswtrhczgvi.com","49","dircrypt_dga_ac778bde"
"aexluxmagbyg.com","0","dircrypt_dga_1ebc9f2b"
"izllzixotympqqr.com","1","dircrypt_dga_1ebc9f2b"
"pwxqjnhsocyln.com","2","dircrypt_dga_1ebc9f2b"
"pmzlyoesekeqytc.com","3","dircrypt_dga_1ebc9f2b"
"ypveltysbgcpm.com","4","dircrypt_dga_1ebc9f2b"
"wdgathbwng.com","5","dircrypt_dga_1ebc9f2b"
"eclghvmzj.com","6","dircrypt_dga_1ebc9f2b"
"izvvavublgvpaqeoe.com","7","dircrypt_dga_1ebc9f2b"
"hckoxwgfeqmveai.com","8","dircrypt_dga_1ebc9f2b"
"mxfuhasvk.com","9","dircrypt_dga_1ebc9f2b"
"upueoagnlcvuxgh.com","10","dircrypt_dga_1ebc9f2b"
"janrhaqijwcobdqzn.com","11","dircrypt_dga_1ebc9f2b"
"iqywsywnegomyizi.com","12","dircrypt_dga_1ebc9f2b"
"kkvihjouqloyns.com","13","dircrypt_dga_1ebc9f2b"
"bdfwrfsexcmch.com","14","dircrypt_dga_1ebc9f2b"
"awtokpilrtaerqbbntd.com","15","dircrypt_dga_1ebc9f2b"
"myuwjgzij.com","16","dircrypt_dga_1ebc9f2b"
"cmkgelpqnfmymprcl.com","17","dircrypt_dga_1ebc9f2b"
"tdfqsctgsqoqxsmc.com","18","dircrypt_dga_1ebc9f2b"
"bqjudwzojqhdzkxl.com","19","dircrypt_dga_1ebc9f2b"
"kdziapank.com","20","dircrypt_dga_1ebc9f2b"
"owqdkkpptw.com","21","dircrypt_dga_1ebc9f2b"
"oyjecgqknpbxav.com","22","dircrypt_dga_1ebc9f2b"
"jlyfdjrkbhqonlloidmz.com","23","dircrypt_dga_1ebc9f2b"
"qtommzhz.com","24","dircrypt_dga_1ebc9f2b"
"atzbwdyhxwwofvc.com","25","dircrypt_dga_1ebc9f2b"
"chhmpmtqe.com","26","dircrypt_dga_1ebc9f2b"
"mawxuqmhgco.com","27","dircrypt_dga_1ebc9f2b"
"nqiucjigahdqbbnz.com","28","dircrypt_dga_1ebc9f2b"
"xdhttdpizf.com","29","dircrypt_dga_1ebc9f2b"
"siryhjipgbqc.com","30","dircrypt_dga_1ebc9f2b"
"bmaiebayctc.com","31","dircrypt_dga_1ebc9f2b"
"sansylwzdxwrypvdpbv.com","32","dircrypt_dga_1ebc9f2b"
"gqekhcndfe.com","33","dircrypt_dga_1ebc9f2b"
"kmtzxfljzjsq.com","34","dircrypt_dga_1ebc9f2b"
"zuubtkouqlhlvyl.com","35","dircrypt_dga_1ebc9f2b"
"qrupjlbvw.com","36","dircrypt_dga_1ebc9f2b"
"zsoslrvnupmvmmg.com","37","dircrypt_dga_1ebc9f2b"
"cpcjxkqxd.com","38","dircrypt_dga_1ebc9f2b"
"qfitjsqzkw.com","39","dircrypt_dga_1ebc9f2b"
"gnlrhgfopat.com","40","dircrypt_dga_1ebc9f2b"
"howeoircrbmazuafau.com","41","dircrypt_dga_1ebc9f2b"
"fcptpzmsvctddpp.com","42","dircrypt_dga_1ebc9f2b"
"zhmjljefmzzcazhyuj.com","43","dircrypt_dga_1ebc9f2b"
"bgyrtbgcmewlhfpxctd.com","44","dircrypt_dga_1ebc9f2b"
"scqjgkrhbx.com","45","dircrypt_dga_1ebc9f2b"
"bimiwfdlsydyf.com","46","dircrypt_dga_1ebc9f2b"
"vhzupayizyfw.com","47","dircrypt_dga_1ebc9f2b"
"ilsteser.com","48","dircrypt_dga_1ebc9f2b"
"rbjcovmohoefjfkc.com","49","dircrypt_dga_1ebc9f2b"
"hiuctidthkvwowhvo.com","0","dircrypt_dga_954c5162"
"fcnjgeiicc.com","1","dircrypt_dga_954c5162"
"jpryjfvwlf.com","2","dircrypt_dga_954c5162"
"mlavvgdzq.com","3","dircrypt_dga_954c5162"
"rvcysvtrdqvfeoxpkgay.com","4","dircrypt_dga_954c5162"
"ivupzcfortqwc.com","5","dircrypt_dga_954c5162"
"dgtnpjulzbjy.com","6","dircrypt_dga_954c5162"
"abvrnnyf.com","7","dircrypt_dga_954c5162"
"rzmxpzmhf.com","8","dircrypt_dga_954c5162"
"vfhmtfoslo.com","9","dircrypt_dga_954c5162"
"tdjdurcamweurk.com","10","dircrypt_dga_954c5162"
"jfejkzgpnoqvhetajadk.com","11","dircrypt_dga_954c5162"
"yhgdnfexcfmzo.com","12","dircrypt_dga_954c5162"
"pzqaqdrgpkujbt.com","13","dircrypt_dga_954c5162"
"peqlrppxjiikhn.com","14","dircrypt_dga_954c5162"
"ygshlzxghxy.com","15","dircrypt_dga_954c5162"
"ezpqtftmtyjtuciulac.com","16","dircrypt_dga_954c5162"
"ynqhwkxgfjbxoaaxye.com","17","dircrypt_dga_954c5162"
"avyhvzzpusujnwkjf.com","18","dircrypt_dga_954c5162"
"jicoorgeteipbjfevzhw.com","19","dircrypt_dga_954c5162"
"ronddwifxgmhjlnch.com","20","dircrypt_dga_954c5162"
"dptfictbpnowstziry.com","21","dircrypt_dga_954c5162"
"pmhjbdijgxaoiqzblfqr.com","22","dircrypt_dga_954c5162"
"nrnvvgrtgiu.com","23","dircrypt_dga_954c5162"
"hcfokdalo.com","24","dircrypt_dga_954c5162"
"bvoeqwtjzwajtfy.com","25","dircrypt_dga_954c5162"
"bbrcqtndpjlt.com","26","dircrypt_dga_954c5162"
"ikkiaokoxzvm.com","27","dircrypt_dga_954c5162"
"aqgmbfulikbyeemmofu.com","28","dircrypt_dga_954c5162"
"qrvzeatrn.com","29","dircrypt_dga_954c5162"
"iipjmyzywtslozlxkumf.com","30","dircrypt_dga_954c5162"
"enrmwuxddgfizkfowirx.com","31","dircrypt_dga_954c5162"
"kgovcyhnzbb.com","32","dircrypt_dga_954c5162"
"rgkrmpcjwdyqz.com","33","dircrypt_dga_954c5162"
"mxpmvgvaat.com","34","dircrypt_dga_954c5162"
"jmxyjekrvmegc.com","35","dircrypt_dga_954c5162"
"jfakgejx.com","36","dircrypt_dga_954c5162"
"anflhlnzwudel.com","37","dircrypt_dga_954c5162"
"ejqipcojsugolcxpj.com","38","dircrypt_dga_954c5162"
"mpjcyytoyy.com","39","dircrypt_dga_954c5162"
"goajndnyfj.com","40","dircrypt_dga_954c5162"
"wnfpdemdanonrxiiq.com","41","dircrypt_dga_954c5162"
"mlwhsfuynhoy.com","42","dircrypt_dga_954c5162"
"pweedxinikm.com","43","dircrypt_dga_954c5162"
"dvshkbuzczitbg.com","44","dircrypt_dga_954c5162"
"bmyszegczvepjqlv.com","45","dircrypt_dga_954c5162"
"hzljvtkjsdrrrhtg.com","46","dircrypt_dga_954c5162"
"ssaypnfbbmh.com","47","dircrypt_dga_954c5162"
"rgmkhqcbjuevqqu.com","48","dircrypt_dga_954c5162"
"rscyxiwgublaaudxk.com","49","dircrypt_dga_954c5162"
"wejcqzbosbczzlnikyvt.com","0","dircrypt_dga_4e4117b1"
"muiccxbvkvjb.com","1","dircrypt_dga_4e4117b1"
"tqwpmpwckhidiss.com","2","dircrypt_dga_4e4117b1"
"gzredieexn.com","3","dircrypt_dga_4e4117b1"
"ghhcwldtj.com","4","dircrypt_dga_4e4117b1"
"hofjlgtbmh.com","5","dircrypt_dga_4e4117b1"
"tpiesucem.com","6","dircrypt_dga_4e4117b1"
"agljlmnpppjcamhq.com","7","dircrypt_dga_4e4117b1"
"typzhpgkbnhdzm.com","8","dircrypt_dga_4e4117b1"
"aecczzyqfnlcsv.com","9","dircrypt_dga_4e4117b1"
"qexhfshwopfyjyujkzfr.com","10","dircrypt_dga_4e4117b1"
"gvjvmsryffslvkgkpu.com","11","dircrypt_dga_4e4117b1"
"fnxjpqkcpsxj.com","12","dircrypt_dga_4e4117b1"
"jzticafg.com","13","dircrypt_dga_4e4117b1"
"dzzkvkhd.com","14","dircrypt_dga_4e4117b1"
"fqpwnmnytpiwsof.com","15","dircrypt_dga_4e4117b1"
"uvhxrxmvfrrbzn.com","16","dircrypt_dga_4e4117b1"
"ezboknysotycrr.com","17","dircrypt_dga_4e4117b1"
"bmbkgpotrevoqkozc.com","18","dircrypt_dga_4e4117b1"
"wjfcrvyrqbjnl.com","19","dircrypt_dga_4e4117b1"
"rhcrppjnxnaxayjne.com","20","dircrypt_dga_4e4117b1"
"blonnbwthdwwn.com","21","dircrypt_dga_4e4117b1"
"ikmijmlejcogvilsaa.com","22","dircrypt_dga_4e4117b1"
"wewtxwfll.com","23","dircrypt_dga_4e4117b1"
"avikkaezcl.com","24","dircrypt_dga_4e4117b1"
"bblbmorbqqspvzq.com","25","dircrypt_dga_4e4117b1"
"ejlbhbkdusesodet.com","26","dircrypt_dga_4e4117b1"
"vkqwfxyjywyekuhyu.com","27","dircrypt_dga_4e4117b1"
"cxkhfzyqixnq.com","28","dircrypt_dga_4e4117b1"
"guynwhkxgkeqtwlcsfyi.com","29","dircrypt_dga_4e4117b1"
"henjpljddbbcdpz.com","30","dircrypt_dga_4e4117b1"
"ahypsowzajlwluwa.com","31","dircrypt_dga_4e4117b1"
"pslapzsmtlyvetzmj.com","32","dircrypt_dga_4e4117b1"
"qfbtamjwbtrsmja.com","33","dircrypt_dga_4e4117b1"
"vqfayagawoyl.com","34","dircrypt_dga_4e4117b1"
"dokxaehsahwjs.com","35","dircrypt_dga_4e4117b1"
"owvyhjeqn.com","36","dircrypt_dga_4e4117b1"
"htifywxsb.com","37","dircrypt_dga_4e4117b1"
"xmioyplk.com","38","dircrypt_dga_4e4117b1"
"ronpqutgthfnguyg.com","39","dircrypt_dga_4e4117b1"
"vgzvtwezkodsnlxbihr.com","40","dircrypt_dga_4e4117b1"
"xljqgmiiamaceoxdyaen.com","41","dircrypt_dga_4e4117b1"
"xsgcplsfjux.com","42","dircrypt_dga_4e4117b1"
"pldojsaioevypdx.com","43","dircrypt_dga_4e4117b1"
"nlidtcxsqjr.com","44","dircrypt_dga_4e4117b1"
"ttqgwsymhwksmkni.com","45","dircrypt_dga_4e4117b1"
"ikhydify.com","46","dircrypt_dga_4e4117b1"
"wkxlbffvrhsjobq.com","47","dircrypt_dga_4e4117b1"
"bofepvpgaez.com","48","dircrypt_dga_4e4117b1"
"nzhehcpufvgqhsosegoj.com","49","dircrypt_dga_4e4117b1"
"rauggyguyp.com","0","dircrypt_dga_c64c2fe7"
"llullzza.com","1","dircrypt_dga_c64c2fe7"
"mluztamhnngwgh.com","2","dircrypt_dga_c64c2fe7"
"mycojenxktsmozzthdv.com","3","dircrypt_dga_c64c2fe7"
"inbxvqkegoyapgv.com","4","dircrypt_dga_c64c2fe7"
"furiararji.com","5","dircrypt_dga_c64c2fe7"
"zrkdvzjhse.com","6","dircrypt_dga_c64c2fe7"
"wyuhdsdttczd.com","7","dircrypt_dga_c64c2fe7"
"hpaxgpkteomjaxywwelr.com","8","dircrypt_dga_c64c2fe7"
"mydojltbqjnwailyyoa.com","9","dircrypt_dga_c64c2fe7"
"wbgzpjfxlxlcvbth.com","10","dircrypt_dga_c64c2fe7"
"pibqzedhzwt.com","11","dircrypt_dga_c64c2fe7"
"vlbqryjd.com","12","dircrypt_dga_c64c2fe7"
"nsxdczggybtkdukmyf.com","13","dircrypt_dga_c64c2fe7"
"jarjvddjzqrmnepeqwd.com","14","dircrypt_dga_c64c2fe7"
"plxeyaja.com","15","dircrypt_dga_c64c2fe7"
"lfehajeex.com","16","dircrypt_dga_c64c2fe7"
"swtjyuhuefvl.com","17","dircrypt_dga_c64c2fe7"
"ftdkuoulfhfudds.com","18","dircrypt_dga_c64c2fe7"
"eblgaosyeszzjkbhhdyh.com","19","dircrypt_dga_c64c2fe7"
"afececrkycbeyqm.com","20","dircrypt_dga_c64c2fe7"
"xnloppwhfamkcltuxkif.com","21","dircrypt_dga_c64c2fe7"
"xjjcditjfkgkihfe.com","22","dircrypt_dga_c64c2fe7"
"mblmvrla.com","23","dircrypt_dga_c64c2fe7"
"vxlkofoazme.com","24","dircrypt_dga_c64c2fe7"
"ktqyrmiyvnidd.com","25","dircrypt_dga_c64c2fe7"
"jsntwyjcv.com","26","dircrypt_dga_c64c2fe7"
"wvquldqwwsttp.com","27","dircrypt_dga_c64c2fe7"
"pivzovznpssx.com","28","dircrypt_dga_c64c2fe7"
"ggspyfmreouxnhqi.com","29","dircrypt_dga_c64c2fe7"
"nwlmeinfmalwnypz.com","30","dircrypt_dga_c64c2fe7"
"tlnzmdueju.com","31","dircrypt_dga_c64c2fe7"
"jsphauoxsxohnq.com","32","dircrypt_dga_c64c2fe7"
"oblqaagcggkdqpnfbfo.com","33","dircrypt_dga_c64c2fe7"
"urgthabgydnkggokn.com","34","dircrypt_dga_c64c2fe7"
"nbwugpxxteqtcsrzjxc.com","35","dircrypt_dga_c64c2fe7"
"pcxjwvayirx.com","36","dircrypt_dga_c64c2fe7"
"oxhktdsiuofxo.com","37","dircrypt_dga_c64c2fe7"
"qnatyjhbr.com","38","dircrypt_dga_c64c2fe7"
"vjflxdbzg.com","39","dircrypt_dga_c64c2fe7"
"tbwyyuaqdfbt.com","40","dircrypt_dga_c64c2fe7"
"rvujhvbvxuwjv.com","41","dircrypt_dga_c64c2fe7"
"giqicobrn.com","42","dircrypt_dga_c64c2fe7"
"zkbcltvhvjcu.com","43","dircrypt_dga_c64c2fe7"
"mjgbqzji.com","44","dircrypt_dga_c64c2fe7"
"nwoevdgzuktylvomwd.com","45","dircrypt_dga_c64c2fe7"
"pmsmcmhhl.com","46","dircrypt_dga_c64c2fe7"
"jmmuriyp.com","47","dircrypt_dga_c64c2fe7"
"zbkrxifudruviuptvzme.com","48","dircrypt_dga_c64c2fe7"
"yfjutgovfvooiu.com","49","dircrypt_dga_c64c2fe7"
"cbhytcvyxzzj.com","0","dircrypt_dga_d0bc7d6f"
"ervqveknzq.com","1","dircrypt_dga_d0bc7d6f"
"jxuynwdac.com","2","dircrypt_dga_d0bc7d6f"
"bucelslmpwyajzlguis.com","3","dircrypt_dga_d0bc7d6f"
"zhszoxeavbhmtkbju.com","4","dircrypt_dga_d0bc7d6f"
"nkgnacybwam.com","5","dircrypt_dga_d0bc7d6f"
"aummdgqbto.com","6","dircrypt_dga_d0bc7d6f"
"pqgjtqais.com","7","dircrypt_dga_d0bc7d6f"
"ywcimnoycx.com","8","dircrypt_dga_d0bc7d6f"
"orsgyfcpthjvdxrvcu.com","9","dircrypt_dga_d0bc7d6f"
"vpicphumwodnoatp.com","10","dircrypt_dga_d0bc7d6f"
"lcqivpov.com","11","dircrypt_dga_d0bc7d6f"
"julpwwtnv.com","12","dircrypt_dga_d0bc7d6f"
"iqpmhfrvgp.com","13","dircrypt_dga_d0bc7d6f"
"gpaiuaasntnqycyhr.com","14","dircrypt_dga_d0bc7d6f"
"cxslixugarbv.com","15","dircrypt_dga_d0bc7d6f"
"lbmntrwvfzwp.com","16","dircrypt_dga_d0bc7d6f"
"onnxtepjtmtukenpm.com","17","dircrypt_dga_d0bc7d6f"
"csmofrotzrce.com","18","dircrypt_dga_d0bc7d6f"
"dsxxmzwgbfeaw.com","19","dircrypt_dga_d0bc7d6f"
"lkasukqlhhffimy.com","20","dircrypt_dga_d0bc7d6f"
"pchjwpiyd.com","21","dircrypt_dga_d0bc7d6f"
"gtrcacxkcf.com","22","dircrypt_dga_d0bc7d6f"
"mghjssbleagjvpqnfccr.com","23","dircrypt_dga_d0bc7d6f"
"eyorinrbjfxuy.com","24","dircrypt_dga_d0bc7d6f"
"camwzffgqhckviufup.com","25","dircrypt_dga_d0bc7d6f"
"lntnrzgkyswawkuz.com","26","dircrypt_dga_d0bc7d6f"
"jgsmhiqpocc.com","27","dircrypt_dga_d0bc7d6f"
"twnojbfrsryuuhsxv.com","28","dircrypt_dga_d0bc7d6f"
"huaezwesrmxigyqj.com","29","dircrypt_dga_d0bc7d6f"
"jxqkuokqgwqglemcc.com","30","dircrypt_dga_d0bc7d6f"
"qhpbyjqprpfycbjan.com","31","dircrypt_dga_d0bc7d6f"
"kxdwhkyewcqlw.com","32","dircrypt_dga_d0bc7d6f"
"qfurtpvsdp.com","33","dircrypt_dga_d0bc7d6f"
"kzudujlupbcgdgpeptoi.com","34","dircrypt_dga_d0bc7d6f"
"wntaurbapolrmnvr.com","35","dircrypt_dga_d0bc7d6f"
"ywsvtgwqtvrpwehl.com","36","dircrypt_dga_d0bc7d6f"
"idiyboqkummfiaw.com","37","dircrypt_dga_d0bc7d6f"
"wbgjurjz.com","38","dircrypt_dga_d0bc7d6f"
"agqcqcqfuisppnrq.com","39","dircrypt_dga_d0bc7d6f"
"hhscmdqbzekdx.com","40","dircrypt_dga_d0bc7d6f"
"vkuubybphgvdta.com","41","dircrypt_dga_d0bc7d6f"
"ufjvfskdcwrnr.com","42","dircrypt_dga_d0bc7d6f"
"ladlqtbrocreehhsd.com","43","dircrypt_dga_d0bc7d6f"
"zxdjksfnhtirhry.com","44","dircrypt_dga_d0bc7d6f"
"txhkwhjt.com","45","dircrypt_dga_d0bc7d6f"
"uqqidiafmmoutyrsu.com","46","dircrypt_dga_d0bc7d6f"
"bunpmrrifwonacqtn.com","47","dircrypt_dga_d0bc7d6f"
"juvfwyxcyzfxmfcedpxd.com","48","dircrypt_dga_d0bc7d6f"
"mvwkjgbcr.com","49","dircrypt_dga_d0bc7d6f"
"ttaebamktjdbizrnqxp.com","0","dircrypt_dga_23e5931d"
"znpszzwstgzzyk.com","1","dircrypt_dga_23e5931d"
"jsngvficglxttjwg.com","2","dircrypt_dga_23e5931d"
"frwwkrpnkvig.com","3","dircrypt_dga_23e5931d"
"egdbvrhtcptgoqorompj.com","4","dircrypt_dga_23e5931d"
"uovexhfvuaiyjnoqp.com","5","dircrypt_dga_23e5931d"
"haoewxuuevfjlxjtrdt.com","6","dircrypt_dga_23e5931d"
"zspbweeeekla.com","7","dircrypt_dga_23e5931d"
"ulpsozonje.com","8","dircrypt_dga_23e5931d"
"epotamcwrbptvg.com","9","dircrypt_dga_23e5931d"
"dbprhmudebxkwvn.com","10","dircrypt_dga_23e5931d"
"gtpioobhtybknc.com","11","dircrypt_dga_23e5931d"
"gevroxukpyk.com","12","dircrypt_dga_23e5931d"
"yzzfmrnmegm.com","13","dircrypt_dga_23e5931d"
"ynuvcbfsnbslyqaaa.com","14","dircrypt_dga_23e5931d"
"iizqfifeeykt.com","15","dircrypt_dga_23e5931d"
"ogzvvrbvfmyissw.com","16","dircrypt_dga_23e5931d"
"iuxahvmxjujsqoygo.com","17","dircrypt_dga_23e5931d"
"jngvxojducxeronwmwh.com","18","dircrypt_dga_23e5931d"
"pugeaqmrswtzxoa.com","19","dircrypt_dga_23e5931d"
"xaekzqqsocfaanrgasd.com","20","dircrypt_dga_23e5931d"
"qkthibon.com","21","dircrypt_dga_23e5931d"
"lnbujhpltayrjh.com","22","dircrypt_dga_23e5931d"
"tmmczjtqjlvngae.com","23","dircrypt_dga_23e5931d"
"yvyxxjfaxsgxwbycgbem.com","24","dircrypt_dga_23e5931d"
"odgrqjvymxofstvmrvt.com","25","dircrypt_dga_23e5931d"
"njjjhlpmlhm.com","26","dircrypt_dga_23e5931d"
"anxztejxx.com","27","dircrypt_dga_23e5931d"
"abnqumgstmnwpge.com","28","dircrypt_dga_23e5931d"
"ibeqygcqwpazgjpcf.com","29","dircrypt_dga_23e5931d"
"vepeautehoxqvjbwaoyk.com","30","dircrypt_dga_23e5931d"
"jzthuonzqncus.com","31","dircrypt_dga_23e5931d"
"skgenwvyoljicux.com","32","dircrypt_dga_23e5931d"
"wziepumlxbzfrhljxqsp.com","33","dircrypt_dga_23e5931d"
"tbpahmcmoyywvh.com","34","dircrypt_dga_23e5931d"
"awmgzihwmzjsfiktre.com","35","dircrypt_dga_23e5931d"
"gtrgubhajpc.com","36","dircrypt_dga_23e5931d"
"vwbszipqtzowetr.com","37","dircrypt_dga_23e5931d"
"gxgeregrxwuljt.com","38","dircrypt_dga_23e5931d"
"dckgfiogyzb.com","39","dircrypt_dga_23e5931d"
"tnubaqcasvsfku.com","40","dircrypt_dga_23e5931d"
"zgybcqsnmpbjjgafimng.com","41","dircrypt_dga_23e5931d"
"oojsmcdvvzurfcjnmxyt.com","42","dircrypt_dga_23e5931d"
"xwxynimywawdjsxaanmk.com","43","dircrypt_dga_23e5931d"
"demikfsfquwtj.com","44","dircrypt_dga_23e5931d"
"wexoxvfuq.com","45","dircrypt_dga_23e5931d"
"jnfmkychcydouuajc.com","46","dircrypt_dga_23e5931d"
"uajyljrpk.com","47","dircrypt_dga_23e5931d"
"hxonndqxnnvai.com","48","dircrypt_dga_23e5931d"
"drmdtgoizohjoqifl.com","49","dircrypt_dga_23e5931d"
"roxgaffvgdoussasodp.com","0","dircrypt_dga_bd00c68c"
"fmmpcvptedjj.com","1","dircrypt_dga_bd00c68c"
"kcioltyxt.com","2","dircrypt_dga_bd00c68c"
"uoneiidbgd.com","3","dircrypt_dga_bd00c68c"
"cgisutadrreeofer.com","4","dircrypt_dga_bd00c68c"
"cdvdzllc.com","5","dircrypt_dga_bd00c68c"
"qmiovfqxfottkhvxnbh.com","6","dircrypt_dga_bd00c68c"
"cosehduitwhveyawpvb.com","7","dircrypt_dga_bd00c68c"
"rstjohxvafpdil.com","8","dircrypt_dga_bd00c68c"
"ktnpeigebccttk.com","9","dircrypt_dga_bd00c68c"
"owhcvpphjlhmmhsu.com","10","dircrypt_dga_bd00c68c"
"hsysmmsyrqigvk.com","11","dircrypt_dga_bd00c68c"
"xiwizgqqxsxiufcqog.com","12","dircrypt_dga_bd00c68c"
"bbtflrghufwutxujka.com","13","dircrypt_dga_bd00c68c"
"srivztiulphfxd.com","14","dircrypt_dga_bd00c68c"
"poinakvh.com","15","dircrypt_dga_bd00c68c"
"yjghnpukyqy.com","16","dircrypt_dga_bd00c68c"
"zjnzfctktonlspuanzlr.com","17","dircrypt_dga_bd00c68c"
"qszjxjem.com","18","dircrypt_dga_bd00c68c"
"iedzvuyxzihzdwccayx.com","19","dircrypt_dga_bd00c68c"
"gznvxlfppo.com","20","dircrypt_dga_bd00c68c"
"adhwcthf.com","21","dircrypt_dga_bd00c68c"
"halmafqsuibsddqls.com","22","dircrypt_dga_bd00c68c"
"ppwktofoh.com","23","dircrypt_dga_bd00c68c"
"evbjhfhddsqejovzfjx.com","24","dircrypt_dga_bd00c68c"
"eugrbfjvkzx.com","25","dircrypt_dga_bd00c68c"
"pmuyficrjmtartnzeouj.com","26","dircrypt_dga_bd00c68c"
"vfcnugadnuhaoebzwaq.com","27","dircrypt_dga_bd00c68c"
"khcagvgdllhfjqn.com","28","dircrypt_dga_bd00c68c"
"siamgggtevghgi.com","29","dircrypt_dga_bd00c68c"
"erajimtnghuqfdgnhj.com","30","dircrypt_dga_bd00c68c"
"iufmmhtfuglkewvyrira.com","31","dircrypt_dga_bd00c68c"
"injhsmedkkvjktwgmz.com","32","dircrypt_dga_bd00c68c"
"ntaeqknhxehkadis.com","33","dircrypt_dga_bd00c68c"
"ngntxyqih.com","34","dircrypt_dga_bd00c68c"
"jzyskusvwwpnykoi.com","35","dircrypt_dga_bd00c68c"
"khtpzsuzpbaforbsqoqt.com","36","dircrypt_dga_bd00c68c"
"dkpcztxjhlmgppzrd.com","37","dircrypt_dga_bd00c68c"
"xbrsttwgaomaxapjpa.com","38","dircrypt_dga_bd00c68c"
"lvbikxjfrzrofxzn.com","39","dircrypt_dga_bd00c68c"
"hbyxpqjkm.com","40","dircrypt_dga_bd00c68c"
"ftxtknedryvgywsmchm.com","41","dircrypt_dga_bd00c68c"
"pbxfdvizihgcv.com","42","dircrypt_dga_bd00c68c"
"hrbkzpoytss.com","43","dircrypt_dga_bd00c68c"
"gcaocxscewiemvhggl.com","44","dircrypt_dga_bd00c68c"
"aecsztodxcauezvwv.com","45","dircrypt_dga_bd00c68c"
"agqkgrttm.com","46","dircrypt_dga_bd00c68c"
"qmeuxytpxbf.com","47","dircrypt_dga_bd00c68c"
"gxcmyvpmuuxoluzdenhr.com","48","dircrypt_dga_bd00c68c"
"zwmobkxpbcwddexzh.com","49","dircrypt_dga_bd00c68c"
"obrufmndrxzjjtcvpd.com","0","dircrypt_dga_c223624b"
"wbmjnpwztpb.com","1","dircrypt_dga_c223624b"
"nvxbogkgd.com","2","dircrypt_dga_c223624b"
"ldowojsg.com","3","dircrypt_dga_c223624b"
"vhzfkfhzjdbnywnatb.com","4","dircrypt_dga_c223624b"
"gxwasfvvvkdggsai.com","5","dircrypt_dga_c223624b"
"wxopqtpafbpcvqktnmbi.com","6","dircrypt_dga_c223624b"
"rpaxjuzqtbzjbgarklou.com","7","dircrypt_dga_c223624b"
"pmzfizaxd.com","8","dircrypt_dga_c223624b"
"orkfngmp.com","9","dircrypt_dga_c223624b"
"qywrxjospnmiefrvbmx.com","10","dircrypt_dga_c223624b"
"ijmxyarlsoejpirxghw.com","11","dircrypt_dga_c223624b"
"frunyozlytpzso.com","12","dircrypt_dga_c223624b"
"kmtdwujttxwj.com","13","dircrypt_dga_c223624b"
"gcjzieidyw.com","14","dircrypt_dga_c223624b"
"evnmeiytag.com","15","dircrypt_dga_c223624b"
"nhyjfubtfnozyqaswg.com","16","dircrypt_dga_c223624b"
"hxvadvideqaztbanqr.com","17","dircrypt_dga_c223624b"
"zplxtyfzsupjlyfxcggt.com","18","dircrypt_dga_c223624b"
"raqgkpgovcseoatvke.com","19","dircrypt_dga_c223624b"
"wcltcbwk.com","20","dircrypt_dga_c223624b"
"ljhqarxrlhstrliluk.com","21","dircrypt_dga_c223624b"
"kweofftywvusyjkuhpj.com","22","dircrypt_dga_c223624b"
"mqsqlwiwzlscl.com","23","dircrypt_dga_c223624b"
"jrnjhprz.com","24","dircrypt_dga_c223624b"
"pqtboywsxhkmnqkia.com","25","dircrypt_dga_c223624b"
"zzotndfljnskizxzgk.com","26","dircrypt_dga_c223624b"
"vsxmjxwccehtamwrhekf.com","27","dircrypt_dga_c223624b"
"extuhmqqtzwavpmfw.com","28","dircrypt_dga_c223624b"
"iupjbrofhakr.com","29","dircrypt_dga_c223624b"
"lsgdctukj.com","30","dircrypt_dga_c223624b"
"jzbifqrzgedap.com","31","dircrypt_dga_c223624b"
"gqbtlurxv.com","32","dircrypt_dga_c223624b"
"opglxyeaqyumq.com","33","dircrypt_dga_c223624b"
"xjgwcpvtymezyfz.com","34","dircrypt_dga_c223624b"
"wxkmyxxnwhi.com","35","dircrypt_dga_c223624b"
"ucedamnuzgjrwfz.com","36","dircrypt_dga_c223624b"
"qdvpeiabxntnodqfff.com","37","dircrypt_dga_c223624b"
"ochqymbisijrfjffv.com","38","dircrypt_dga_c223624b"
"smnzhxgg.com","39","dircrypt_dga_c223624b"
"opbtcieuetwzkbeszz.com","40","dircrypt_dga_c223624b"
"vrsbwonoutdm.com","41","dircrypt_dga_c223624b"
"ltgdndyjrdtjatfnfnc.com","42","dircrypt_dga_c223624b"
"acwyvnrfxflpgf.com","43","dircrypt_dga_c223624b"
"mziqicbwmzgibnok.com","44","dircrypt_dga_c223624b"
"tdteinadwhhmxeoeqtvp.com","45","dircrypt_dga_c223624b"
"ygbjuuljmzzlnai.com","46","dircrypt_dga_c223624b"
"ylhdieuuxbzxsh.com","47","dircrypt_dga_c223624b"
"sqownnxkhqpxi.com","48","dircrypt_dga_c223624b"
"rfsybzwalxlohhuog.com","49","dircrypt_dga_c223624b"
"tkfcsulkuir.com","0","dircrypt_dga_adae652c"
"qytkwhqg.com","1","dircrypt_dga_adae652c"
"lobfvzidoipjdlxu.com","2","dircrypt_dga_adae652c"
"ggpnmmvdzh.com","3","dircrypt_dga_adae652c"
"yrctodbf.com","4","dircrypt_dga_adae652c"
"imhbysautnfhizwehcm.com","5","dircrypt_dga_adae652c"
"pisdwxxexkylgkylljgi.com","6","dircrypt_dga_adae652c"
"voxjegehevb.com","7","dircrypt_dga_adae652c"
"uwrabutovalwmwhdfdic.com","8","dircrypt_dga_adae652c"
"jhceyyiflpiikjxtasoa.com","9","dircrypt_dga_adae652c"
"nyktvqiooivzedcisjro.com","10","dircrypt_dga_adae652c"
"zmumphqwluebra.com","11","dircrypt_dga_adae652c"
"dacxpmnodaqrdmhp.com","12","dircrypt_dga_adae652c"
"bnvfvouqcilfj.com","13","dircrypt_dga_adae652c"
"qtscqzdij.com","14","dircrypt_dga_adae652c"
"kcdkaoskrgauhnkmr.com","15","dircrypt_dga_adae652c"
"tqjwgpfwkch.com","16","dircrypt_dga_adae652c"
"vsvfawjn.com","17","dircrypt_dga_adae652c"
"zqpgjgmfstkjk.com","18","dircrypt_dga_adae652c"
"ovoyflgcrmyvbbri.com","19","dircrypt_dga_adae652c"
"udlyvvkwjtz.com","20","dircrypt_dga_adae652c"
"orsvrugkrlzfcyrxxv.com","21","dircrypt_dga_adae652c"
"zkzvmatik.com","22","dircrypt_dga_adae652c"
"onlcdwjvvkz.com","23","dircrypt_dga_adae652c"
"whegtkhz.com","24","dircrypt_dga_adae652c"
"zqrzwmcltdqb.com","25","dircrypt_dga_adae652c"
"jymcxvmrzx.com","26","dircrypt_dga_adae652c"
"ukvddmkfbzrjo.com","27","dircrypt_dga_adae652c"
"yfuqtkfrvavgnzerwyz.com","28","dircrypt_dga_adae652c"
"pwkiwpefhxmiycnf.com","29","dircrypt_dga_adae652c"
"eykvqdscnwwgkjpffk.com","30","dircrypt_dga_adae652c"
"yfcapcxzgkadubgli.com","31","dircrypt_dga_adae652c"
"cwmdbchbsajxlni.com","32","dircrypt_dga_adae652c"
"cmewxagxhucmphsnb.com","33","dircrypt_dga_adae652c"
"lyaiulkf.com","34","dircrypt_dga_adae652c"
"zwkpcjaqfgzhzoigxml.com","35","dircrypt_dga_adae652c"
"pjckgttrfipozunfb.com","36","dircrypt_dga_adae652c"
"emmmbyofptno.com","37","dircrypt_dga_adae652c"
"khajegpjxrulvraaq.com","38","dircrypt_dga_adae652c"
"nhtghlebysdht.com","39","dircrypt_dga_adae652c"
"ubvusbuwcdnpmir.com","40","dircrypt_dga_adae652c"
"jkeqinvjxpljsevhi.com","41","dircrypt_dga_adae652c"
"mjsiznqadloydembedxl.com","42","dircrypt_dga_adae652c"
"spbkdbhxskidqgsryv.com","43","dircrypt_dga_adae652c"
"gnmhxohsalwmg.com","44","dircrypt_dga_adae652c"
"gajrmlfafelvzpifyzmo.com","45","dircrypt_dga_adae652c"
"rpyqbuaiswjxtpmczfs.com","46","dircrypt_dga_adae652c"
"maythuwtmphfugvy.com","47","dircrypt_dga_adae652c"
"xnoqldyewhokrae.com","48","dircrypt_dga_adae652c"
"mvbpxcksyrowfbkitsd.com","49","dircrypt_dga_adae652c"
"lzmocamziizttkttfa.com","0","dircrypt_dga_5bee5323"
"nffdqnpbxra.com","1","dircrypt_dga_5bee5323"
"xfaxeyiopiqqrpu.com","2","dircrypt_dga_5bee5323"
"rlilmxpwb.com","3","dircrypt_dga_5bee5323"
"hyrbsbmuhdbjxc.com","4","dircrypt_dga_5bee5323"
"alzbwkhevhgay.com","5","dircrypt_dga_5bee5323"
"fbithtavcvcfyvbmpsh.com","6","dircrypt_dga_5bee5323"
"fzcvggtjdquiid.com","7","dircrypt_dga_5bee5323"
"ebnqywsqvj.com","8","dircrypt_dga_5bee5323"
"edeudijrs.com","9","dircrypt_dga_5bee5323"
"rymxunnmnokxmbdfpph.com","10","dircrypt_dga_5bee5323"
"gtpwftqakpenqsn.com","11","dircrypt_dga_5bee5323"
"xcvovmqqmxfmss.com","12","dircrypt_dga_5bee5323"
"gyicxefm.com","13","dircrypt_dga_5bee5323"
"sdxttvpkxdooyoxt.com","14","dircrypt_dga_5bee5323"
"scblhdzjaivqdh.com","15","dircrypt_dga_5bee5323"
"vfhdrwzixqzmsfdg.com","16","dircrypt_dga_5bee5323"
"ronxpajsemrdfljhc.com","17","dircrypt_dga_5bee5323"
"dvjcxwbghsrf.com","18","dircrypt_dga_5bee5323"
"mnmrxdwb.com","19","dircrypt_dga_5bee5323"
"jnzdkozsmzxfbvblmii.com","20","dircrypt_dga_5bee5323"
"bxrwmekxyqpn.com","21","dircrypt_dga_5bee5323"
"dvuiyufxpkgm.com","22","dircrypt_dga_5bee5323"
"ibojvbjpgaumzb.com","23","dircrypt_dga_5bee5323"
"lruzewgkqgwqcibolyde.com","24","dircrypt_dga_5bee5323"
"prqwqfer.com","25","dircrypt_dga_5bee5323"
"yufzoqcmhktbksnfs.com","26","dircrypt_dga_5bee5323"
"xktjdewztcclu.com","27","dircrypt_dga_5bee5323"
"awbuoujsnakrgzlstjva.com","28","dircrypt_dga_5bee5323"
"ryajpqgtkrold.com","29","dircrypt_dga_5bee5323"
"vwegvyzhymcbxcc.com","30","dircrypt_dga_5bee5323"
"ftxmbqjblqgcupjrgicb.com","31","dircrypt_dga_5bee5323"
"xoyyhlvp.com","32","dircrypt_dga_5bee5323"
"rertgrlgzipdtc.com","33","dircrypt_dga_5bee5323"
"fpkfhmjr.com","34","dircrypt_dga_5bee5323"
"wohiyyfqehpbobjfdflh.com","35","dircrypt_dga_5bee5323"
"dblfvbrwlrnaet.com","36","dircrypt_dga_5bee5323"
"yfoqxintlqjzrnbizd.com","37","dircrypt_dga_5bee5323"
"youjdatl.com","38","dircrypt_dga_5bee5323"
"qdhepdqrhzxuezco.com","39","dircrypt_dga_5bee5323"
"jdiueflixkyogxpjfrf.com","40","dircrypt_dga_5bee5323"
"zlsycuplprbtm.com","41","dircrypt_dga_5bee5323"
"iohzdjwy.com","42","dircrypt_dga_5bee5323"
"lzeepffkrtrssq.com","43","dircrypt_dga_5bee5323"
"odbtabakxgqe.com","44","dircrypt_dga_5bee5323"
"xfsdwvkspsptyktef.com","45","dircrypt_dga_5bee5323"
"xsmuepqhifooolktp.com","46","dircrypt_dga_5bee5323"
"eyohyhiaikcrfmeqel.com","47","dircrypt_dga_5bee5323"
"esndadpcsrfsyhttqbvu.com","48","dircrypt_dga_5bee5323"
"nouffnzzikewanz.com","49","dircrypt_dga_5bee5323"
"mfkpzwgfwt.com","0","dircrypt_dga_dceb28fb"
"nozaorfmvcl.com","1","dircrypt_dga_dceb28fb"
"ebnayuejuvzya.com","2","dircrypt_dga_dceb28fb"
"bbazcbvwutlibc.com","3","dircrypt_dga_dceb28fb"
"bmtmjdnqtnomtp.com","4","dircrypt_dga_dceb28fb"
"uvavhykmywdsewuekcr.com","5","dircrypt_dga_dceb28fb"
"qcwvtxfrw.com","6","dircrypt_dga_dceb28fb"
"wzllmivd.com","7","dircrypt_dga_dceb28fb"
"kndbgappcnhtolgrnihn.com","8","dircrypt_dga_dceb28fb"
"fxjmlsizovtpxqb.com","9","dircrypt_dga_dceb28fb"
"ybydqmli.com","10","dircrypt_dga_dceb28fb"
"hxdulrhnoyv.com","11","dircrypt_dga_dceb28fb"
"uzyrasdqepanmdcyw.com","12","dircrypt_dga_dceb28fb"
"yqxakoxq.com","13","dircrypt_dga_dceb28fb"
"ykxkqujdaukjllboyck.com","14","dircrypt_dga_dceb28fb"
"oabiumolijcoccj.com","15","dircrypt_dga_dceb28fb"
"icamclynaezzibmkrurm.com","16","dircrypt_dga_dceb28fb"
"rtzjwqxikcw.com","17","dircrypt_dga_dceb28fb"
"acsnwmsedneaqabcga.com","18","dircrypt_dga_dceb28fb"
"zjnjbixounfyyxddoaz.com","19","dircrypt_dga_dceb28fb"
"iuuclspzzezlkkyykn.com","20","dircrypt_dga_dceb28fb"
"qqsxqflc.com","21","dircrypt_dga_dceb28fb"
"ydormoyylrpjnj.com","22","dircrypt_dga_dceb28fb"
"jhqnjyeewzdjgyjydzgi.com","23","dircrypt_dga_dceb28fb"
"ofahpcnay.com","24","dircrypt_dga_dceb28fb"
"awdwhjiqwmhvtx.com","25","dircrypt_dga_dceb28fb"
"dpczjcgazyvfe.com","26","dircrypt_dga_dceb28fb"
"offispphfgcqtazyf.com","27","dircrypt_dga_dceb28fb"
"akogtlnkmjjmp.com","28","dircrypt_dga_dceb28fb"
"ifufnamreriw.com","29","dircrypt_dga_dceb28fb"
"aiqjzqvnxcbxfmlatgbv.com","30","dircrypt_dga_dceb28fb"
"iuuyqbepfcrvh.com","31","dircrypt_dga_dceb28fb"
"nfbljbenmtzxnmhjw.com","32","dircrypt_dga_dceb28fb"
"qpradrtnxg.com","33","dircrypt_dga_dceb28fb"
"egbqyddxo.com","34","dircrypt_dga_dceb28fb"
"saksvtwozuhnps.com","35","dircrypt_dga_dceb28fb"
"rmnfaoueu.com","36","dircrypt_dga_dceb28fb"
"btdeatpfo.com","37","dircrypt_dga_dceb28fb"
"kvmsybzybbpqyiqlagdl.com","38","dircrypt_dga_dceb28fb"
"rutigmyfzjxdsuzdnp.com","39","dircrypt_dga_dceb28fb"
"vmhmrnto.com","40","dircrypt_dga_dceb28fb"
"osgioscbifxku.com","41","dircrypt_dga_dceb28fb"
"cveagunzykhwhk.com","42","dircrypt_dga_dceb28fb"
"mmufpokk.com","43","dircrypt_dga_dceb28fb"
"yfmoygmrvrmphq.com","44","dircrypt_dga_dceb28fb"
"qypxcwatkniwelevhsl.com","45","dircrypt_dga_dceb28fb"
"hmskrivv.com","46","dircrypt_dga_dceb28fb"
"rzfifcegtwzjecjnihr.com","47","dircrypt_dga_dceb28fb"
"rmcpzzhtycuahnclio.com","48","dircrypt_dga_dceb28fb"
"qavoqfqbjnzslknenp.com","49","dircrypt_dga_dceb28fb"
"jdjlnzzgiwwo.com","0","dircrypt_dga_f4ce720c"
"tnfkavumj.com","1","dircrypt_dga_f4ce720c"
"hhngjjhjtazda.com","2","dircrypt_dga_f4ce720c"
"tkxvzbofqaejnjigoi.com","3","dircrypt_dga_f4ce720c"
"xmflqqwinpmorzupwhkv.com","4","dircrypt_dga_f4ce720c"
"axudjnejlwjpwnfw.com","5","dircrypt_dga_f4ce720c"
"jvsafhaltlf.com","6","dircrypt_dga_f4ce720c"
"ditllvqdkvh.com","7","dircrypt_dga_f4ce720c"
"ygsxdfzyznmyuragx.com","8","dircrypt_dga_f4ce720c"
"cirzvyuonvjnvx.com","9","dircrypt_dga_f4ce720c"
"iqkcenxhmurv.com","10","dircrypt_dga_f4ce720c"
"nlqszolseze.com","11","dircrypt_dga_f4ce720c"
"dsunpxwugloruslydvl.com","12","dircrypt_dga_f4ce720c"
"tfhwcihqgr.com","13","dircrypt_dga_f4ce720c"
"bgtfyjovni.com","14","dircrypt_dga_f4ce720c"
"kwlivocmgldbtq.com","15","dircrypt_dga_f4ce720c"
"yhzxmbtzcmzwxueqtyvc.com","16","dircrypt_dga_f4ce720c"
"xuvfheelokxa.com","17","dircrypt_dga_f4ce720c"
"nnrhpnemdix.com","18","dircrypt_dga_f4ce720c"
"kvlnjvus.com","19","dircrypt_dga_f4ce720c"
"bnykycjruuolfrovlgn.com","20","dircrypt_dga_f4ce720c"
"sptdmvoewxkeqqtozq.com","21","dircrypt_dga_f4ce720c"
"iqlmxopppfl.com","22","dircrypt_dga_f4ce720c"
"ovrhsddegvrzx.com","23","dircrypt_dga_f4ce720c"
"qskivuwythcp.com","24","dircrypt_dga_f4ce720c"
"animfzltrszzsf.com","25","dircrypt_dga_f4ce720c"
"mnlgpwbpzje.com","26","dircrypt_dga_f4ce720c"
"deyymvqqahuewhpq.com","27","dircrypt_dga_f4ce720c"
"izitwtpo.com","28","dircrypt_dga_f4ce720c"
"gqrkcplxuzvwwrn.com","29","dircrypt_dga_f4ce720c"
"wnimtkshyxeyle.com","30","dircrypt_dga_f4ce720c"
"dgdidpbagdcmjqbtpup.com","31","dircrypt_dga_f4ce720c"
"fvhfcvbzxx.com","32","dircrypt_dga_f4ce720c"
"xisyvuoymirxhrcfwct.com","33","dircrypt_dga_f4ce720c"
"howvyxiwmo.com","34","dircrypt_dga_f4ce720c"
"pusxjwkqcactocfbv.com","35","dircrypt_dga_f4ce720c"
"znhlbkftcgrojeflzlrc.com","36","dircrypt_dga_f4ce720c"
"cmkvzilevbbye.com","37","dircrypt_dga_f4ce720c"
"okezivcigs.com","38","dircrypt_dga_f4ce720c"
"vxvtnknshbizxhuj.com","39","dircrypt_dga_f4ce720c"
"qbstpwtiueoxmtfqlnk.com","40","dircrypt_dga_f4ce720c"
"dbecytuysdzqeby.com","41","dircrypt_dga_f4ce720c"
"eptnqhkluktybogn.com","42","dircrypt_dga_f4ce720c"
"pfzcoyokqnmjckab.com","43","dircrypt_dga_f4ce720c"
"sldzveje.com","44","dircrypt_dga_f4ce720c"
"nurabiojjbuk.com","45","dircrypt_dga_f4ce720c"
"gghtkyurwoptypxys.com","46","dircrypt_dga_f4ce720c"
"hiytwurrctb.com","47","dircrypt_dga_f4ce720c"
"qsgbjtre.com","48","dircrypt_dga_f4ce720c"
"oyyzcqdhymdwam.com","49","dircrypt_dga_f4ce720c"
"tgwgmiilusicp.com","0","dircrypt_dga_77cbf89d"
"fofdofndafy.com","1","dircrypt_dga_77cbf89d"
"aragbzmcrjhv.com","2","dircrypt_dga_77cbf89d"
"nvegcoutpkmj.com","3","dircrypt_dga_77cbf89d"
"fjqocmvcdmbylxx.com","4","dircrypt_dga_77cbf89d"
"hvnfvkmlyjjvpen.com","5","dircrypt_dga_77cbf89d"
"javujiolqwjl.com","6","dircrypt_dga_77cbf89d"
"gkkqhzvyz.com","7","dircrypt_dga_77cbf89d"
"djpbjjmahxugfdjvfzt.com","8","dircrypt_dga_77cbf89d"
"cluzzvqlsqiyx.com","9","dircrypt_dga_77cbf89d"
"gmzpedzoyzwjr.com","10","dircrypt_dga_77cbf89d"
"kamgqpkzt.com","11","dircrypt_dga_77cbf89d"
"lsexocdskz.com","12","dircrypt_dga_77cbf89d"
"anuyinynvofqeuqtvjlk.com","13","dircrypt_dga_77cbf89d"
"kbbrkiwlcpgdojzx.com","14","dircrypt_dga_77cbf89d"
"hwgcduny.com","15","dircrypt_dga_77cbf89d"
"pjjjybmiyymmgh.com","16","dircrypt_dga_77cbf89d"
"xgovkmvktek.com","17","dircrypt_dga_77cbf89d"
"tcrdwqztujiytungwlw.com","18","dircrypt_dga_77cbf89d"
"twgsxcnmhwvxlqg.com","19","dircrypt_dga_77cbf89d"
"qpkgqtffjwdqf.com","20","dircrypt_dga_77cbf89d"
"mkifizfdhxyp.com","21","dircrypt_dga_77cbf89d"
"zvknyxmqellheoo.com","22","dircrypt_dga_77cbf89d"
"ymhsfpeufqyjr.com","23","dircrypt_dga_77cbf89d"
"khwveexktdbai.com","24","dircrypt_dga_77cbf89d"
"wredludph.com","25","dircrypt_dga_77cbf89d"
"kexrywflywg.com","26","dircrypt_dga_77cbf89d"
"nxaffjweyxgu.com","27","dircrypt_dga_77cbf89d"
"olcbeozkvsba.com","28","dircrypt_dga_77cbf89d"
"hhwxbvdgsbuphhrgcjb.com","29","dircrypt_dga_77cbf89d"
"kjrdsoyzbeyky.com","30","dircrypt_dga_77cbf89d"
"ocqmlhihtf.com","31","dircrypt_dga_77cbf89d"
"mjdhmtzbefizy.com","32","dircrypt_dga_77cbf89d"
"zttgchxpsapxvivqoo.com","33","dircrypt_dga_77cbf89d"
"mcomcfuw.com","34","dircrypt_dga_77cbf89d"
"gkgxnxmsecref.com","35","dircrypt_dga_77cbf89d"
"jxlazspyhxhjl.com","36","dircrypt_dga_77cbf89d"
"xofjemajmirwp.com","37","dircrypt_dga_77cbf89d"
"nptrvjnxugihy.com","38","dircrypt_dga_77cbf89d"
"yxrrzbxyfuackjuquwwz.com","39","dircrypt_dga_77cbf89d"
"ufnrllqxhham.com","40","dircrypt_dga_77cbf89d"
"fomfqaggwqkspffhslqb.com","41","dircrypt_dga_77cbf89d"
"ycqmmsqjupftqduu.com","42","dircrypt_dga_77cbf89d"
"nwsbajcosunu.com","43","dircrypt_dga_77cbf89d"
"jzwyowgzkzgtxrgt.com","44","dircrypt_dga_77cbf89d"
"fjmajnmerulrwsgbkgp.com","45","dircrypt_dga_77cbf89d"
"nktyrawh.com","46","dircrypt_dga_77cbf89d"
"jestyanqqgsazjpeg.com","47","dircrypt_dga_77cbf89d"
"mqegjxiinnrfbnex.com","48","dircrypt_dga_77cbf89d"
"mvqacvfktcwdph.com","49","dircrypt_dga_77cbf89d"
